id,conversation_id,created_at,date,time,timezone,user_id,username,name,place,tweet,mentions,urls,photos,replies_count,retweets_count,likes_count,hashtags,cashtags,link,retweet,quote_url,video,near,geo,source,user_rt_id,user_rt,retweet_id,reply_to,retweet_date,translate,trans_src,trans_dest
1281521694100815880,1281521694100815880,1594373556000,2020-07-10,15:02:36,+0530,492861180,undpkg,UNDP KyrgyzRepublic,,"Innovative diagnostic methods for Covid-19 donated to Kyrgyzstan by the UNDP and the @GlobalFund give accurate results in 30 to 45 minutes. â€œThis is meant to help faster diagnose Covid-19,â€ said the Deputy Minister of Health M. Karataev  https://www.kg.undp.org/content/kyrgyzstan/en/home/presscenter/articles/2020/07/innovative-tests-covid-19-.htmlÂ â€¦",['globalfund'],['https://www.kg.undp.org/content/kyrgyzstan/en/home/presscenter/articles/2020/07/innovative-tests-covid-19-.html'],[],0,0,0,[],[],https://twitter.com/undpkg/status/1281521694100815880,False,,0,,,,,,,"[{'user_id': '492861180', 'username': 'undpkg'}, {'user_id': '34889448', 'username': 'GlobalFund'}]",,,,
1281521693664698369,1281497428483551232,1594373555000,2020-07-10,15:02:35,+0530,607229707,writersroompub,writersroompublishin,,Stop it. Just stop. This is offensive to everyone who has lost loved ones in the #covid19 crisis,['matthancock'],[],[],0,0,0,['#covid19'],[],https://twitter.com/writersroompub/status/1281521693664698369,False,,0,,,,,,,"[{'user_id': '607229707', 'username': 'writersroompub'}, {'user_id': '19825835', 'username': 'MattHancock'}]",,,,
1281521691609329669,1281521691609329669,1594373555000,2020-07-10,15:02:35,+0530,849121075,asifuddinahmed,Asif Uddin Ahmed,,This pandemic - this is the time when we should act as a family and be there for the family so that once this pandemic is over we can say that we did well as a family. The concept of family probably has never been so important. #COVID__19,[],[],[],0,0,0,['#covid__19'],[],https://twitter.com/AsifUddinAhmed/status/1281521691609329669,False,,0,,,,,,,"[{'user_id': '849121075', 'username': 'AsifUddinAhmed'}]",,,,
1281521687800901632,1281521687800901632,1594373554000,2020-07-10,15:02:34,+0530,1179710990,occuworld,OccuWorld ğŸ´,,MASSIVE protests rock Serbian capital after new Covid-19 lockdown announcement  http://thoughtcrimeradio.net/2020/07/massive-protests-rock-serbian-capital-after-new-covid-19-lockdown-announcement/Â â€¦,[],['http://thoughtcrimeradio.net/2020/07/massive-protests-rock-serbian-capital-after-new-covid-19-lockdown-announcement/'],[],0,0,0,[],[],https://twitter.com/OccuWorld/status/1281521687800901632,False,,0,,,,,,,"[{'user_id': '1179710990', 'username': 'OccuWorld'}]",,,,
1281521687419400195,1272910256696365060,1594373554000,2020-07-10,15:02:34,+0530,2863846840,maxine_alves,Maxine Alves,,These recommendations and demands of Covid19 recovery should be basic tenets of government not a campaign.,"['afrifeminists', 'greenpeace', '_africanunion']",[],[],0,0,0,[],[],https://twitter.com/maxine_alves/status/1281521687419400195,False,,0,,,,,,,"[{'user_id': '2863846840', 'username': 'maxine_alves'}, {'user_id': '1013718076058144768', 'username': 'AfriFeminists'}, {'user_id': '3459051', 'username': 'Greenpeace'}, {'user_id': '145935897', 'username': '_AfricanUnion'}]",,,,
1281521687175946246,1281521687175946246,1594373554000,2020-07-10,15:02:34,+0530,65601377,indiannetizen,Indiannetizen,,China warns citizens of â€˜unknown pneumoniaâ€™ with higher fatality than Covid-19 via @htTweets https://m.hindustantimes.com/world-news/china-warns-citizens-of-unknown-pneumonia-with-higher-fatality-than-covid-19/story-j85OaOyFBuKI90UXM7yeXM.htmlÂ â€¦,['httweets'],['https://m.hindustantimes.com/world-news/china-warns-citizens-of-unknown-pneumonia-with-higher-fatality-than-covid-19/story-j85OaOyFBuKI90UXM7yeXM.html'],[],0,0,0,[],[],https://twitter.com/indiannetizen/status/1281521687175946246,False,,0,,,,,,,"[{'user_id': '65601377', 'username': 'indiannetizen'}, {'user_id': '36327407', 'username': 'htTweets'}]",,,,
1281521684944687105,1281521684944687105,1594373553000,2020-07-10,15:02:33,+0530,832038673801687041,allyfortis,"Ally Fortis - Tarot, Mind & Wellness",,Check out Covid-19 Liability Release Form Waiver Printable PDF  https://payhip.com/b/2eMbÂ ,[],['https://payhip.com/b/2eMb'],[],0,0,0,[],[],https://twitter.com/allyfortis/status/1281521684944687105,False,,0,,,,,,,"[{'user_id': '832038673801687041', 'username': 'allyfortis'}]",,,,
1281521682851737600,1281521682851737600,1594373553000,2020-07-10,15:02:33,+0530,220614407,ewatomhie,DAMILOLA,,"Marriage is sweet but once you are married to the wrong person,, it's like COVID-19,, everyday New Cases",[],[],[],0,0,0,[],[],https://twitter.com/Ewatomhie/status/1281521682851737600,False,,0,,,,,,,"[{'user_id': '220614407', 'username': 'Ewatomhie'}]",,,,
1281521678468579328,1281521678468579328,1594373552000,2020-07-10,15:02:32,+0530,23292975,mrsmarchi,Marchi,,"he sounds familiarâ€!!

#COVID19Vic #COVID19  https://twitter.com/chrisreason7/status/1281463305513480192Â â€¦",[],['https://twitter.com/chrisreason7/status/1281463305513480192'],[],0,1,0,"['#covid19vic', '#covid19']",[],https://twitter.com/MrsMarchi/status/1281521678468579328,False,https://twitter.com/ChrisReason7/status/1281463305513480192,0,,,,,,,"[{'user_id': '23292975', 'username': 'MrsMarchi'}]",,,,
1281521678208716800,1281521678208716800,1594373552000,2020-07-10,15:02:32,+0530,1155157639594221568,ftwonderman,#ShutdownFidelityBank,,"Creative!

#OriginalCopy #COVID19 #tiktokdown #onlyfansbabe #cashappmidnight https://twitter.com/adisaolashile/status/1280944953561174021Â â€¦",[],['https://twitter.com/adisaolashile/status/1280944953561174021'],[],0,0,0,"['#originalcopy', '#covid19', '#tiktokdown', '#onlyfansbabe', '#cashappmidnight']",[],https://twitter.com/FTWonderman/status/1281521678208716800,False,https://twitter.com/adisaolashile/status/1280944953561174021,0,,,,,,,"[{'user_id': '1155157639594221568', 'username': 'FTWonderman'}]",,,,
1281521678032310273,1281171072881057792,1594373552000,2020-07-10,15:02:32,+0530,463449307,csnphl,Phillip Smith,,"I heard on the radio that if covid19 reaches the same number of cases in a year that infulenza has and covid death rate remains the same as now then 48million will die, infulenza death total is 350k to 600k",['kirstinferguson'],[],[],0,0,0,[],[],https://twitter.com/csnphl/status/1281521678032310273,False,,0,,,,,,,"[{'user_id': '463449307', 'username': 'csnphl'}, {'user_id': '209397605', 'username': 'kirstinferguson'}]",,,,
1281521677357256705,1281521677357256705,1594373552000,2020-07-10,15:02:32,+0530,1213949794902654976,bessieb2020,Account2020,,Are we prepared for a #COVID-19 resurgence? CMA highlights top 5 issues Canada needs to address https://www.cma.ca/news-releases-and-statements/are-we-prepared-covid-19-resurgence-cma-highlights-top-5-issues-canadaÂ â€¦,[],['https://www.cma.ca/news-releases-and-statements/are-we-prepared-covid-19-resurgence-cma-highlights-top-5-issues-canada'],[],0,0,0,['#covid'],[],https://twitter.com/BessieB2020/status/1281521677357256705,False,,0,,,,,,,"[{'user_id': '1213949794902654976', 'username': 'BessieB2020'}]",,,,
1281521677202075649,1281521677202075649,1594373552000,2020-07-10,15:02:32,+0530,124427303,josephomot,Recharge And Get Paid #RAGP Coach,,"Another person just paid for her registration to join our South African team. I am coming. We're not joking here but it's funnyğŸ˜ğŸƒğŸ½â€â™‚ï¸ğŸƒğŸ½â€â™‚ï¸ğŸƒğŸ½â€â™‚ï¸ğŸƒğŸ½â€â™‚ï¸

Join our Telecoms VTU Business. Get paid using your phone. Earn Rands and/or Naira. ASK ME

#COVID19 #fridaymorning #cashappmidnight pic.twitter.com/CND9U9Sx9v",[],[],['https://pbs.twimg.com/media/EcjhLCCXkAA5J7l.jpg'],0,0,0,"['#covid19', '#fridaymorning', '#cashappmidnight']",[],https://twitter.com/JosephOmot/status/1281521677202075649,False,,0,,,,,,,"[{'user_id': '124427303', 'username': 'JosephOmot'}]",,,,
1281521676589637632,1281521676589637632,1594373551000,2020-07-10,15:02:31,+0530,866161090048163840,upmaw,Upma Wardhan,,"If  each Covid-19 patient is provided with electric kettle then recovery  will be faster. I request @drharshvardhan
to instruct all the covid hospitals.

start taking steam, start gargling with warm saline water with pinch of turmeric
Start sipping hot water every 15 minutes.",['drharshvardhan'],[],[],0,0,0,[],[],https://twitter.com/UpmaW/status/1281521676589637632,False,,0,,,,,,,"[{'user_id': '866161090048163840', 'username': 'UpmaW'}, {'user_id': '77732185', 'username': 'drharshvardhan'}]",,,,
1281521676199567361,1281521676199567361,1594373551000,2020-07-10,15:02:31,+0530,14742275,cmetian,Chris,,Any typical year I'd expect this not to get much attention but it's really weird in the middle of #Covid19 to not see more coverage of this and the #bubonicplague recently found. Not saying to panic but...like ZERO interest is weird. https://www.sciencemag.org/news/2020/06/swine-flu-strain-human-pandemic-potential-increasingly-found-pigs-chinaÂ â€¦,[],['https://www.sciencemag.org/news/2020/06/swine-flu-strain-human-pandemic-potential-increasingly-found-pigs-china'],[],0,0,0,"['#covid19', '#bubonicplague']",[],https://twitter.com/cmetian/status/1281521676199567361,False,,0,,,,,,,"[{'user_id': '14742275', 'username': 'cmetian'}]",,,,
1281521675432013825,1281521675432013825,1594373551000,2020-07-10,15:02:31,+0530,934372801,sab_horizons,SAB Horizons,,ğŸ“¢Apprenticeship VacancyğŸ“¢- Digital Engineering Apprentice based in Eccles (M30)ğŸ‘©â€ğŸ’»ğŸ‘¨â€ğŸ’» - click for details & to apply  https://www.findapprenticeship.service.gov.uk/apprenticeship/-523304Â â€¦ may suit @SABSalford @SAB_ParentC Y11s interested in CAD /Digital Engineering  dates may be delayed due to Covid-19*  pic.twitter.com/AtuafQXMEz,"['sabsalford', 'sab_parentc']",['https://www.findapprenticeship.service.gov.uk/apprenticeship/-523304'],[],0,0,0,[],[],https://twitter.com/SAB_Horizons/status/1281521675432013825,False,,1,,,,,,,"[{'user_id': '934372801', 'username': 'SAB_Horizons'}, {'user_id': '3377897141', 'username': 'SABSalford'}, {'user_id': '921343132393988097', 'username': 'SAB_ParentC'}]",,,,
1281521674106494977,1281521674106494977,1594373551000,2020-07-10,15:02:31,+0530,2498099330,foreignersintw,Foreigners in Taiwan ğŸ‡¹ğŸ‡¼ğŸšğŸ“·ğŸ‡¹ğŸ‡¼,,"After seeing almost daily foreigners send me messages about how much they miss Taiwan, I have a message for them. Taiwan misses you too, come back (after COVID-19 is over).",[],[],[],0,0,0,[],[],https://twitter.com/foreignersinTW/status/1281521674106494977,False,,0,,,,,,,"[{'user_id': '2498099330', 'username': 'foreignersinTW'}]",,,,
1281521669803319297,1281070430904778753,1594373550000,2020-07-10,15:02:30,+0530,381938204,msufyanbasra,M Sufyan Basra,,This is what my PM @ImranKhanPTI has been saying since covid-19 strated in Pakistan but corrupt opposition was opposing his decision. Thank to Allah we've a wise PM.,"['skynews', 'imrankhanpti']",[],[],0,0,0,[],[],https://twitter.com/msufyanbasra/status/1281521669803319297,False,,0,,,,,,,"[{'user_id': '381938204', 'username': 'msufyanbasra'}, {'user_id': '7587032', 'username': 'SkyNews'}, {'user_id': '122453931', 'username': 'ImranKhanPTI'}]",,,,
1281521669052313601,1281521669052313601,1594373550000,2020-07-10,15:02:30,+0530,767531631015960576,ashland_emily,mama boof ğŸ”œ hopefully something,,"COVID-19 has ""devastated"" the meat/agriculture industry which means now is the time to go veg if u aren't already;)",[],[],[],0,0,0,[],[],https://twitter.com/ashland_emily/status/1281521669052313601,False,,0,,,,,,,"[{'user_id': '767531631015960576', 'username': 'ashland_emily'}]",,,,
1281521668964470785,1281521668964470785,1594373550000,2020-07-10,15:02:30,+0530,223455780,gmpburynorth,Bury North,,"Weekend:
Superintendent Chris Hill advised â€œAs weekend approaches, please adhere to social distancing and respecting others. Guidelines / restrictions are in place to minimise the spreading of Covid19. Officers will be out engaging with the Public. Keep safe.  Bury Policing Team",[],[],[],0,0,0,[],[],https://twitter.com/GMPBuryNorth/status/1281521668964470785,False,,0,,,,,,,"[{'user_id': '223455780', 'username': 'GMPBuryNorth'}]",,,,
1281521668309962754,1281521668309962754,1594373549000,2020-07-10,15:02:29,+0530,22594051,staronline,The Star,,"Covid-19: 13 new cases bring total to 8,696, no deaths
 https://www.thestar.com.my/news/nation/2020/07/10/covid-19-13-new-cases-bring-total-to-8696-no-deathsÂ â€¦ https://www.thestar.com.my/news/nation/2020/07/10/covid-19-13-new-cases-bring-total-to-8696-no-deathsÂ â€¦",[],"['https://www.thestar.com.my/news/nation/2020/07/10/covid-19-13-new-cases-bring-total-to-8696-no-deaths', 'https://www.thestar.com.my/news/nation/2020/07/10/covid-19-13-new-cases-bring-total-to-8696-no-deaths']",[],0,0,0,[],[],https://twitter.com/staronline/status/1281521668309962754,False,,0,,,,,,,"[{'user_id': '22594051', 'username': 'staronline'}]",,,,
1281521668297560064,1281521668297560064,1594373549000,2020-07-10,15:02:29,+0530,973546440600489984,writewithoicee,OICEE integrated Services,,"You do not have to spend days writing it yourself, we will.

#businessproposal #businessplan #businessconsulting #startup #entrepreneurs #covÄ±d19 #TALK #africanentrepreneurs #businessowner #OICEE  https://www.instagram.com/p/CCdOcazlAws/?igshid=1xjrxrigeo7pnÂ â€¦",[],['https://www.instagram.com/p/CCdOcazlAws/?igshid=1xjrxrigeo7pn'],[],0,0,0,"['#businessproposal', '#businessplan', '#businessconsulting', '#startup', '#entrepreneurs', '#covÄ±d19', '#talk', '#africanentrepreneurs', '#businessowner', '#oicee']",[],https://twitter.com/writewithoicee/status/1281521668297560064,False,,0,,,,,,,"[{'user_id': '973546440600489984', 'username': 'writewithoicee'}]",,,,
1281521667525750784,1281521667525750784,1594373549000,2020-07-10,15:02:29,+0530,20670765,timlichfield,Tim Lichfield,,"I have been nominated for the Entertainer category in The North of England Wedding Awards 2020 #NOEWA20 

IF I performed at your Wedding from June 1st 2019 or SHOULD have until now (Postponed due to Covid-19), please visit  http://northofenglandweddingawards.comÂ  & vote before Friday, July 24th! pic.twitter.com/vYFz4nyOrG",[],['http://northofenglandweddingawards.com'],['https://pbs.twimg.com/media/EcjhKA1XkAEUir4.jpg'],0,0,0,['#noewa20'],[],https://twitter.com/timlichfield/status/1281521667525750784,False,,0,,,,,,,"[{'user_id': '20670765', 'username': 'timlichfield'}]",,,,
1281521663222456320,1281521663222456320,1594373548000,2020-07-10,15:02:28,+0530,247481405,anitayorker,Anita Yorker,,"'Kenreisman/machine-learning' Top: Americans Don't Get How Badly They're Handling COVID-19 - The Atlantic  https://www.theatlantic.com/ideas/archive/2020/07/america-land-pathetic/613747/Â â€¦, see more  http://tweetedtimes.com/v/1406?s=tnpÂ ",[],"['https://www.theatlantic.com/ideas/archive/2020/07/america-land-pathetic/613747/', 'http://tweetedtimes.com/v/1406?s=tnp']",[],0,1,0,[],[],https://twitter.com/anitayorker/status/1281521663222456320,False,,0,,,,,,,"[{'user_id': '247481405', 'username': 'anitayorker'}]",,,,
1281521659581616128,1281521659581616128,1594373547000,2020-07-10,15:02:27,+0530,161529391,aitextension,AIT Extension,,"ğŸ—£ AIT Extension is pleased to announce for the webinar series on ""Aquaculture, Fisheries and COVID-19: Resiliency and Post-Pandemic Strategies"".
ğŸ—“ Date & Time: To be confirmed
ğŸ‘‰ For registration pls. visit  https://bit.ly/2Cq5q44Â 
#fisheries #aquaculture #Covid_19  pic.twitter.com/9o0ts7BWCY",[],['https://bit.ly/2Cq5q44'],['https://pbs.twimg.com/media/Ecjg9orUwAEo-Mj.jpg'],0,0,0,"['#fisheries', '#aquaculture', '#covid_19']",[],https://twitter.com/aitextension/status/1281521659581616128,False,,0,,,,,,,"[{'user_id': '161529391', 'username': 'aitextension'}]",,,,
1281521659191730178,1281521659191730178,1594373547000,2020-07-10,15:02:27,+0530,231750350,debbaff,Deb Baff ğŸ¤— ğŸ’– ğŸ¦„,,This â¬‡ï¸ Iâ€™ve been following the brilliant @apnoeaboy for a few months now and he definitely is the one I trust for the truth on COVID19 ...  https://twitter.com/apnoeaboy/status/1281520047429758978Â â€¦,['apnoeaboy'],['https://twitter.com/apnoeaboy/status/1281520047429758978'],[],0,0,0,[],[],https://twitter.com/debbaff/status/1281521659191730178,False,https://twitter.com/apnoeaboy/status/1281520047429758978,0,,,,,,,"[{'user_id': '231750350', 'username': 'debbaff'}, {'user_id': '2751088757', 'username': 'apnoeaboy'}]",,,,
1281521657933373440,1281521657933373440,1594373547000,2020-07-10,15:02:27,+0530,247481405,anitayorker,Anita Yorker,,"Americans Don't Get How Badly They're Handling COVID-19 - The Atlantic  https://www.theatlantic.com/ideas/archive/2020/07/america-land-pathetic/613747/Â â€¦, see more  http://tweetedtimes.com/v/1407?s=tnpÂ ",[],"['https://www.theatlantic.com/ideas/archive/2020/07/america-land-pathetic/613747/', 'http://tweetedtimes.com/v/1407?s=tnp']",[],0,0,0,[],[],https://twitter.com/anitayorker/status/1281521657933373440,False,,0,,,,,,,"[{'user_id': '247481405', 'username': 'anitayorker'}]",,,,
1281521652581498885,1281344092639842321,1594373546000,2020-07-10,15:02:26,+0530,2282106170,ag2pearl,John Swinford,,"Nice try, but no cigar...in the meantime Covid-19 cases are spiking.","['mike_pence', 'realdonaldtrump']",[],[],0,0,0,[],[],https://twitter.com/AG2Pearl/status/1281521652581498885,False,,0,,,,,,,"[{'user_id': '2282106170', 'username': 'AG2Pearl'}, {'user_id': '22203756', 'username': 'Mike_Pence'}, {'user_id': '25073877', 'username': 'realDonaldTrump'}]",,,,
1281521652011081728,1281521652011081728,1594373546000,2020-07-10,15:02:26,+0530,1177283035848413189,uniteds96114853,Josh HARMAN K.E.,,Lockdown in major state as India COVID-19 cases soar,[],[],[],0,0,0,[],[],https://twitter.com/UnitedS96114853/status/1281521652011081728,False,,0,,,,,,,"[{'user_id': '1177283035848413189', 'username': 'UnitedS96114853'}]",,,,
1281521650589151232,1281508398018822145,1594373545000,2020-07-10,15:02:25,+0530,55405513,drvie,Dr. Vie Scientist Humanitarian: Sustainable Africa,,Our people are not taking this dangerous pandemic seriously. Please your mouth AND nose MUST be covered to prevent spread or inhaling #COVID__19 plus follow every SOP. You don't get 2 choose one of the methods! Come on SA we can save our people. PS survivors have long term damage,['enca'],[],[],0,0,0,['#covid__19'],[],https://twitter.com/DrVie/status/1281521650589151232,False,,0,,,,,,,"[{'user_id': '55405513', 'username': 'DrVie'}, {'user_id': '301309392', 'username': 'eNCA'}]",,,,
1281521646743019522,1281521646743019522,1594373544000,2020-07-10,15:02:24,+0530,517168844,bmgazette,BlueMountainsGazette,,A Katoomba man in his 50s is self-isolating at home after testing positive for COVID-19.  https://ift.tt/324bQkgÂ ,[],['https://ift.tt/324bQkg'],[],0,0,0,[],[],https://twitter.com/bmgazette/status/1281521646743019522,False,,0,,,,,,,"[{'user_id': '517168844', 'username': 'bmgazette'}]",,,,
1281521645786562561,1281521645786562561,1594373544000,2020-07-10,15:02:24,+0530,22594051,staronline,The Star,,"Covid-19: Kuching loses green zone status after two cases detected
 https://www.thestar.com.my/news/nation/2020/07/10/covid-19-kuching-loses-green-zone-status-after-two-cases-detectedÂ â€¦ https://www.thestar.com.my/news/nation/2020/07/10/covid-19-kuching-loses-green-zone-status-after-two-cases-detectedÂ â€¦",[],"['https://www.thestar.com.my/news/nation/2020/07/10/covid-19-kuching-loses-green-zone-status-after-two-cases-detected', 'https://www.thestar.com.my/news/nation/2020/07/10/covid-19-kuching-loses-green-zone-status-after-two-cases-detected']",[],0,0,0,[],[],https://twitter.com/staronline/status/1281521645786562561,False,,0,,,,,,,"[{'user_id': '22594051', 'username': 'staronline'}]",,,,
1281521645698666496,1281521645698666496,1594373544000,2020-07-10,15:02:24,+0530,2266094832,newyorkseo123,New York News,,Meet the Heroes Fighting on the Front Lines Against Covid-19  https://ift.tt/2W7r0BHÂ ,[],['https://ift.tt/2W7r0BH'],[],0,0,0,[],[],https://twitter.com/NewYorkSEO123/status/1281521645698666496,False,,0,,,,,,,"[{'user_id': '2266094832', 'username': 'NewYorkSEO123'}]",,,,
1281521642456248321,1281521642456248321,1594373543000,2020-07-10,15:02:23,+0530,4146840979,revenlexxm_,lÃ¨x,,"somehow PENINSULA, a similar representation of COVID-19 today but the movie is in zombie mode lmao ğŸ˜†",[],[],[],0,0,0,[],[],https://twitter.com/revenlexxm_/status/1281521642456248321,False,,0,,,,,,,"[{'user_id': '4146840979', 'username': 'revenlexxm_'}]",,,,
1281521638643826689,1281521638643826689,1594373542000,2020-07-10,15:02:22,+0530,1391431387,wuodapondi,Ojango Omondi McApondiâ„¢,,"Article 43 of the Kenyan constitution gives every child the right to quality education, Let not the government officials use COVID-19 pandemic to discriminate  and marginalize children from poor background
 #RadaMpya
#Covidnarights
#TekelezaKatiba pic.twitter.com/MWmAVUO78q",[],[],['https://pbs.twimg.com/media/EcjhH6VXsAAGMQK.jpg'],0,0,0,"['#radampya', '#covidnarights', '#tekelezakatiba']",[],https://twitter.com/WuodApondi/status/1281521638643826689,False,,0,,,,,,,"[{'user_id': '1391431387', 'username': 'WuodApondi'}]",,,,
1281521638010486784,1281521638010486784,1594373542000,2020-07-10,15:02:22,+0530,4566796835,access_cm,AccessCM,,"The Chancellorâ€™s Plan to Reactivate the UK Economy Divides Opinion

The highlights of Rishi Sunakâ€™s summer statement included some interesting moves to try and reactivate the British economy. 

 https://www.accesscm.co.uk/chancellor%E2%80%99s-plan-reactivate-uk-economy-divides-opinionÂ â€¦
#uk #RishiSunak #Covid19  pic.twitter.com/49EhxemaJU",[],['https://www.accesscm.co.uk/chancellor%E2%80%99s-plan-reactivate-uk-economy-divides-opinion'],['https://pbs.twimg.com/media/EcjhHNXWsAEsOW_.png'],0,0,0,"['#uk', '#rishisunak', '#covid19']",[],https://twitter.com/Access_CM/status/1281521638010486784,False,,0,,,,,,,"[{'user_id': '4566796835', 'username': 'Access_CM'}]",,,,
1281521634600316932,1281521634600316932,1594373541000,2020-07-10,15:02:21,+0530,126017281,journalist11,Arif Yousafzai,,"This is how #COVID19 used stuff is dealt.
Instead it is disposed off safely, surgical suits, gloves, PPE kits etc are thrown in residential areas, causing the spread of virus. 
#coronavirus
#coronavirusinpakistan
#COVID19Vic pic.twitter.com/f3sk5W2tQw",[],[],"['https://pbs.twimg.com/media/EcjhGC3WAAA9qi8.jpg', 'https://pbs.twimg.com/media/EcjhGzzWAAAHclX.jpg', 'https://pbs.twimg.com/media/EcjhHjNXsAArJ6e.jpg', 'https://pbs.twimg.com/media/EcjhIJoWkAEljG3.jpg']",0,0,1,"['#covid19', '#coronavirus', '#coronavirusinpakistan', '#covid19vic']",[],https://twitter.com/journalist11/status/1281521634600316932,False,,0,,,,,,,"[{'user_id': '126017281', 'username': 'journalist11'}]",,,,
1281521633065304065,1281521633065304065,1594373541000,2020-07-10,15:02:21,+0530,703565616809168896,metabambi,MetaBambi,,"COVID-19 has increased â€˜Broken Heart Syndromeâ€™, study says  https://ift.tt/2ZedoGvÂ ",[],['https://ift.tt/2ZedoGv'],[],0,0,0,[],[],https://twitter.com/metabambi/status/1281521633065304065,False,,0,,,,,,,"[{'user_id': '703565616809168896', 'username': 'metabambi'}]",,,,
1281521632121688064,1281519628716576768,1594373541000,2020-07-10,15:02:21,+0530,368832338,sambannz,Samwise Gamgee,,"Support budgeting to, at minimum, ensure human and financial resources are not diverted from essential GBV services and essential maternal health services.
#EndingGBV
Promote the inclusion of womenâ€™s organizations in COVID-19 plan dev't, implementation & monitoring.
#LifeFirst",[],[],[],0,0,0,"['#endinggbv', '#lifefirst']",[],https://twitter.com/Sambannz/status/1281521632121688064,False,,0,,,,,,,"[{'user_id': '368832338', 'username': 'Sambannz'}]",,,,
1281521628963385344,1281521628963385344,1594373540000,2020-07-10,15:02:20,+0530,2319790890,riantep,RiantÃ© Naidoo,,"#CoronavirusSA Gauteng Premier David Makhura has tested positive for COVID-19. He's the third premier to contract the virus. Makhura is said to have been experiencing mild symptoms since Wednesday.
He has been in self-isolation. #COVID__19
@etvNewsSA pic.twitter.com/6O4Gx7k75h",['etvnewssa'],[],['https://pbs.twimg.com/media/EcjhGxiXgAcqxnj.png'],0,0,0,"['#coronavirussa', '#covid__19']",[],https://twitter.com/RianteP/status/1281521628963385344,False,,0,,,,,,,"[{'user_id': '2319790890', 'username': 'RianteP'}, {'user_id': '4801912288', 'username': 'etvNewsSA'}]",,,,
1281521627776397313,1281521627776397313,1594373540000,2020-07-10,15:02:20,+0530,309043147,naomiattar,Naomi Attar,,"44% of London healthcare workers tested between March 26 and April 8 2020 were positive for either current or previous Covid-19 infection

Have long wondered whether immunity among HCWs could put a bit of a brake on transmission. Apr 8 was mid-peak, what wd exposure rate be now?  https://twitter.com/eleni_nastouli/status/1281495517332221952Â â€¦",[],['https://twitter.com/eleni_nastouli/status/1281495517332221952'],[],0,0,0,[],[],https://twitter.com/naomiattar/status/1281521627776397313,False,https://twitter.com/eleni_nastouli/status/1281495517332221952,0,,,,,,,"[{'user_id': '309043147', 'username': 'naomiattar'}]",,,,
1281521627298254848,1281521627298254848,1594373540000,2020-07-10,15:02:20,+0530,2161036068,reeev0,Reevo #KBF,,"Everyone has a duty to hear this..
#COVID19  https://twitter.com/san79748202/status/1281490718993899520Â â€¦",[],['https://twitter.com/san79748202/status/1281490718993899520'],[],0,0,0,['#covid19'],[],https://twitter.com/Reeev0/status/1281521627298254848,False,https://twitter.com/San79748202/status/1281490718993899520,0,,,,,,,"[{'user_id': '2161036068', 'username': 'Reeev0'}]",,,,
1281521625943465984,1281521625943465984,1594373539000,2020-07-10,15:02:19,+0530,450941680,thisweekabc,This Week,,"BREAKING: Approval of Pres. Trump's oversight of the COVID-19 crisis has reached a new low since @ABC News/Ipsos began surveying on the coronavirus, with 67% of Americans disapproving of his efforts, per new ABC News/Ipsos poll.  https://abcn.ws/2ZWOoD2Â  pic.twitter.com/wJ8w1n7ztV",['abc'],['https://abcn.ws/2ZWOoD2'],['https://pbs.twimg.com/media/EcjhIFpXoAM1v2n.jpg'],0,0,0,[],[],https://twitter.com/ThisWeekABC/status/1281521625943465984,False,,0,,,,,,,"[{'user_id': '450941680', 'username': 'ThisWeekABC'}, {'user_id': '28785486', 'username': 'ABC'}]",,,,
1281521625674985472,1281521625674985472,1594373539000,2020-07-10,15:02:19,+0530,495611855,vinethp,Vineth Thomas - Vinu,,"Students' life is more important than exam. In this situation when #Covid19 cases raising day by day, taking examination can be dangerous for all the students.
If the future is to be saved, Govt will have to promote all students without exams. #SpeakUpForStudents",[],[],[],0,1,1,"['#covid19', '#speakupforstudents']",[],https://twitter.com/VinethP/status/1281521625674985472,False,,0,,,,,,,"[{'user_id': '495611855', 'username': 'VinethP'}]",,,,
1281521624890503171,1281455083327066112,1594373539000,2020-07-10,15:02:19,+0530,137219580,rudra_4ever,Rudrakshya Mohanty,,Correct answer...if we are win over COVID19..the same decision apply on odisha.. otherwise situation is more critical...,"['ashu123bharat', 'ipr_odisha', 'vijaykulange', 'naveen_odisha', 'secychief']",[],[],0,0,0,[],[],https://twitter.com/rudra_4ever/status/1281521624890503171,False,,0,,,,,,,"[{'user_id': '137219580', 'username': 'rudra_4ever'}, {'user_id': '2848996675', 'username': 'ashu123bharat'}, {'user_id': '743517005920141314', 'username': 'IPR_Odisha'}, {'user_id': '749178061539708928', 'username': 'Vijaykulange'}, {'user_id': '3489768920', 'username': 'Naveen_Odisha'}, {'user_id': '1193083177343938561', 'username': 'SecyChief'}]",,,,
1281521624332636161,1281511084256399363,1594373539000,2020-07-10,15:02:19,+0530,3041189727,shashidharg671,shashidhar shashi,,Final year students are immune to #COVID__19 ? if anything happens to us who will take the responsibility?,['drashwathcn'],[],[],0,0,0,['#covid__19'],[],https://twitter.com/shashidharg671/status/1281521624332636161,False,,0,,,,,,,"[{'user_id': '3041189727', 'username': 'shashidharg671'}, {'user_id': '2885971046', 'username': 'drashwathcn'}]",,,,
1281521623904980992,1281521609648603136,1594373539000,2020-07-10,15:02:19,+0530,242849904,nisra,NISRA,,The Coronavirus (COIVID-19) Opinion survey found the vast majority of people (84%) said they had avoided contact with older people or other vulnerable people in the previous seven days because of the Coronavirus (COVID-19) outbreak  pic.twitter.com/viyNZECZ4Z,[],[],['https://pbs.twimg.com/media/EcjhDgJX0AEsWkj.jpg'],0,0,0,[],[],https://twitter.com/NISRA/status/1281521623904980992,False,,0,,,,,,,"[{'user_id': '242849904', 'username': 'NISRA'}]",,,,
1281521621648302080,1281521609124143104,1594373538000,2020-07-10,15:02:18,+0530,1280807928472014848,libang_alo,Alo Libang,,"and also safety measurement steps to be followed for COVID
-19 as per Health Advisory.  In case of emergency contact District Administration.
#StayHomeStaySafe pic.twitter.com/2i0ElyIQuj",[],[],['https://pbs.twimg.com/media/EcjhHboVAAImj0l.jpg'],0,0,0,['#stayhomestaysafe'],[],https://twitter.com/libang_alo/status/1281521621648302080,False,,0,,,,,,,"[{'user_id': '1280807928472014848', 'username': 'libang_alo'}]",,,,
1281521620172013575,1281521620172013575,1594373538000,2020-07-10,15:02:18,+0530,80304705,welshwomensaid,WelshWomensAid,,"Pleased to be contributing to this important webinar for School Officers in Wales, discussing working with children affected by #VAWG during #COVID19  https://twitter.com/cinspmatlewis/status/1281507790461313026Â â€¦",[],['https://twitter.com/cinspmatlewis/status/1281507790461313026'],[],0,0,0,"['#vawg', '#covid19']",[],https://twitter.com/WelshWomensAid/status/1281521620172013575,False,https://twitter.com/CInspMatLewis/status/1281507790461313026,0,,,,,,,"[{'user_id': '80304705', 'username': 'WelshWomensAid'}]",,,,
1281521619622559745,1281521619622559745,1594373538000,2020-07-10,15:02:18,+0530,40220359,loindevant,loindevant â„¹ï¸,,"Bill Gates says â€˜final hurdleâ€™ to distributing a Covid-19 vaccine will be convincing people to TAKE IT    https://www.rt.com/usa/493068-gates-vaccine-consent-coronavirus/Â â€¦  non non, il ne s'agit pas d'un virus informatique..",[],['https://www.rt.com/usa/493068-gates-vaccine-consent-coronavirus/'],[],0,0,0,[],[],https://twitter.com/loindevant/status/1281521619622559745,False,,0,,,,,,,"[{'user_id': '40220359', 'username': 'loindevant'}]",,,,
1281521617156419584,1281521609648603136,1594373537000,2020-07-10,15:02:17,+0530,242849904,nisra,NISRA,,"The Coronavirus (COIVID-19) Opinion survey found the most common way that the Coronavirus (COVID-19) pandemic was affecting their lives was on their ability to make plans, with 66% saying this was being affected  pic.twitter.com/TSsaHcAyy0",[],[],['https://pbs.twimg.com/media/Ecjgo29XoAAo3R_.jpg'],1,0,0,[],[],https://twitter.com/NISRA/status/1281521617156419584,False,,0,,,,,,,"[{'user_id': '242849904', 'username': 'NISRA'}]",,,,
1281521616585928704,1281521616585928704,1594373537000,2020-07-10,15:02:17,+0530,1926071761,thalassaemiatif,TIF,,"Being mindful of the #COVID19 situation, #TIF decided to postpone its long-awaited '15th Int. Conference on #Thalassaemia &  #Haemoglobinopathies' & the '17th TIF Conference for #Patients & Parents' from November 2020 to the 13-16 May, 2021!

ğŸ’¡Read more:  https://bit.ly/3iP0KFSÂ  pic.twitter.com/qLfKxWofPT",[],['https://bit.ly/3iP0KFS'],['https://pbs.twimg.com/media/EcjhGm_WsAEQ0JT.png'],0,0,0,"['#covid19', '#tif', '#thalassaemia', '#haemoglobinopathies', '#patients']",[],https://twitter.com/thalassaemiaTIF/status/1281521616585928704,False,,0,,,,,,,"[{'user_id': '1926071761', 'username': 'thalassaemiaTIF'}]",,,,
1281521614669197313,1281519129850150913,1594373537000,2020-07-10,15:02:17,+0530,2824051159,piratestudiosuk,Pirate Studios UK,,We'll keep you notified via email and on our Covid-19 info page (link above) :),['iamgrimshaw'],[],[],0,0,0,[],[],https://twitter.com/PirateStudiosUK/status/1281521614669197313,False,,0,,,,,,,"[{'user_id': '2824051159', 'username': 'PirateStudiosUK'}, {'user_id': '461185770', 'username': 'IamGrimshaw'}]",,,,
1281521612546875392,1281521609648603136,1594373536000,2020-07-10,15:02:16,+0530,242849904,nisra,NISRA,,The Coronavirus (COIVID-19) Opinion survey found just over three quarters of people (76%) said that they were very worried or somewhat worried about the effect the Coronavirus (COVID-19) was having on their lives  pic.twitter.com/989c5lnGec,[],[],['https://pbs.twimg.com/media/EcjgVqyXoAEy1mw.jpg'],1,0,0,[],[],https://twitter.com/NISRA/status/1281521612546875392,False,,0,,,,,,,"[{'user_id': '242849904', 'username': 'NISRA'}]",,,,
1281521609648603136,1281521609648603136,1594373535000,2020-07-10,15:02:15,+0530,242849904,nisra,NISRA,,"The key findings from Phase 1 of the NISRA Coronavirus (COVID-19) Opinion Survey were released today. You can view the Report of Key Findings and other documentation at the following website:

 https://www.nisra.gov.uk/publications/nisra-coronavirus-covid-19-opinion-surveyÂ â€¦ pic.twitter.com/YchwKpgA6p",[],['https://www.nisra.gov.uk/publications/nisra-coronavirus-covid-19-opinion-survey'],['https://pbs.twimg.com/media/EcjgJY1WAAAQG6G.jpg'],1,0,0,[],[],https://twitter.com/NISRA/status/1281521609648603136,False,,0,,,,,,,"[{'user_id': '242849904', 'username': 'NISRA'}]",,,,
1281521606427385856,1281521606427385856,1594373535000,2020-07-10,15:02:15,+0530,801446214784925696,westmonsteruk,Westmonster,,"PROBE: WHO experts visit China to discuss Covid-19 origin investigation.
 https://westmonster.com/world-health-organisation-experts-visit-china-to-discuss-covid-19-probeÂ â€¦",[],['https://westmonster.com/world-health-organisation-experts-visit-china-to-discuss-covid-19-probe'],[],0,0,0,[],[],https://twitter.com/WestmonsterUK/status/1281521606427385856,False,,0,,,,,,,"[{'user_id': '801446214784925696', 'username': 'WestmonsterUK'}]",,,,
1281521603268894720,1281521603268894720,1594373534000,2020-07-10,15:02:14,+0530,141873647,trichyit,Trichy IT,,"Two #Trichy Corporation employees, five SHG workers test positive for #Covid-19 http://toi.in/e39yWb/a24gjÂ ",[],['http://toi.in/e39yWb/a24gj'],[],0,0,0,"['#trichy', '#covid']",[],https://twitter.com/trichyit/status/1281521603268894720,False,,0,,,,,,,"[{'user_id': '141873647', 'username': 'trichyit'}]",,,,
1281521598844067842,1281521598844067842,1594373533000,2020-07-10,15:02:13,+0530,1169980468894359552,homecareclt,Tailored Home Care,,"Happy Friday! ğŸ™Œ
#Huntersville #Mooresville #NC #NorthCarolina #Homecare #caregivers #care #Eldercare #Seniorcare #Gastonia #Cornelius #Matthews #Pineville #Charlotte #Concord #LakeNorman #covid19 #Statesville #Salisbury #kindness pic.twitter.com/imSqOwXAxe",[],[],['https://pbs.twimg.com/media/EcjhGmlWsAEgBLX.jpg'],0,0,0,"['#huntersville', '#mooresville', '#nc', '#northcarolina', '#homecare', '#caregivers', '#care', '#eldercare', '#seniorcare', '#gastonia', '#cornelius', '#matthews', '#pineville', '#charlotte', '#concord', '#lakenorman', '#covid19', '#statesville', '#salisbury', '#kindness']",[],https://twitter.com/homecareCLT/status/1281521598844067842,False,,0,,,,,,,"[{'user_id': '1169980468894359552', 'username': 'homecareCLT'}]",,,,
1281521596348407808,1281521596348407808,1594373532000,2020-07-10,15:02:12,+0530,83588539,polisnetwork,POLIS,,"How can cities put sustainable mobility first in response to #COVID19?

We were delighted to contribute to the new COVID-19 SUMP Guidance to help cities respond to this challenging situation ğŸšŒğŸš´ 

Check it out here ğŸ‘‡
 https://bit.ly/2VRWvzwÂ  pic.twitter.com/5GhnWUpmVE",[],['https://bit.ly/2VRWvzw'],['https://pbs.twimg.com/media/EcjgjKtXsAA1QpQ.png'],0,0,0,['#covid19'],[],https://twitter.com/POLISnetwork/status/1281521596348407808,False,,0,,,,,,,"[{'user_id': '83588539', 'username': 'POLISnetwork'}]",,,,
1281521594045730816,1281521594045730816,1594373532000,2020-07-10,15:02:12,+0530,1035240352893026305,theukclique,TheUKClique,,UK Level of Concern/Crew Nation merch release date has been postponed until 28th August due to COVID-19.,[],[],[],0,0,0,[],[],https://twitter.com/TheUKClique/status/1281521594045730816,False,,0,,,,,,,"[{'user_id': '1035240352893026305', 'username': 'TheUKClique'}]",,,,
1281521592519008258,1281521592519008258,1594373531000,2020-07-10,15:02:11,+0530,2609047214,indaraeesap,Indara EESAP Ltd.,,"Some call it work... We call it passion.
Good afternoon. We are ready to take your orders ğŸ“
.
.
.
.
. 
#indaraeesap #sendmoremail #officesupplyÂ #schoolsuppliesÂ #productdesigner #environmentallyfriendly #graphic #market #COVID19  pic.twitter.com/hXRW3pmOSV",[],[],['https://pbs.twimg.com/media/EcjhFkSXoAEogiC.jpg'],0,0,0,"['#indaraeesap', '#sendmoremail', '#officesupply', '#schoolsupplies', '#productdesigner', '#environmentallyfriendly', '#graphic', '#market', '#covid19']",[],https://twitter.com/Indaraeesap/status/1281521592519008258,False,,0,,,,,,,"[{'user_id': '2609047214', 'username': 'Indaraeesap'}]",,,,
1281521591831220230,1281521591831220230,1594373531000,2020-07-10,15:02:11,+0530,16815644,abcpolitics,ABC News Politics,,"BREAKING: Approval of Pres. Trump's oversight of the COVID-19 crisis has reached a new low since @ABC News/Ipsos began surveying on the coronavirus, with 67% of Americans disapproving of his efforts, per new ABC News/Ipsos poll.  https://abcn.ws/3gL06aBÂ  pic.twitter.com/QEoQSBoOhd",['abc'],['https://abcn.ws/3gL06aB'],['https://pbs.twimg.com/media/EcjhGHFWoAAFxSV.jpg'],0,0,0,[],[],https://twitter.com/ABCPolitics/status/1281521591831220230,False,,0,,,,,,,"[{'user_id': '16815644', 'username': 'ABCPolitics'}, {'user_id': '28785486', 'username': 'ABC'}]",,,,
1281521590975463425,1281378717722464257,1594373531000,2020-07-10,15:02:11,+0530,548550975,dreddlore,Shaun B | L | M,,"His response to a pandemic that would just ""go away""

135,000 deaths to Covid19 is more than forty-five 9/11's

His Vegas casino
His ""charitable"" Foundation
His ""university""
New Jersey football team.","['zkballer7', 'fohtohgirl', 'davidbegnaud']",[],[],0,0,0,[],[],https://twitter.com/dreddlore/status/1281521590975463425,False,,0,,,,,,,"[{'user_id': '548550975', 'username': 'dreddlore'}, {'user_id': '1434221515', 'username': 'ZKballer7'}, {'user_id': '3002980725', 'username': 'fohtohgirl'}, {'user_id': '42971403', 'username': 'DavidBegnaud'}]",,,,
1281521589230673920,1281521120714395649,1594373531000,2020-07-10,15:02:11,+0530,1238840471134355456,rosemarie593,CrystalWhite,,"Common Twitter words/phrases in 2020:
AllLivesMatter
Bigot 
BlackLivesMatter
Brexit
Cancel culture
Coronavirus 
COVID19 
Defund the BBC
Educate yourself 
Far left
Far right
Free speech
Furloughed
Marginalised 
Narrative
Nuanced
Offended
Patriotism
Racism
WhiteLivesMatter
Woke",['konstantinkisin'],[],[],0,0,0,[],[],https://twitter.com/Rosemarie593/status/1281521589230673920,False,,0,,,,,,,"[{'user_id': '1238840471134355456', 'username': 'Rosemarie593'}, {'user_id': '1495726466', 'username': 'KonstantinKisin'}]",,,,
1281521587502682113,1281521587502682113,1594373530000,2020-07-10,15:02:10,+0530,8077072,inner_temple,Inner Temple Library,,Damaged by COVID-19 â€“ What losses will be recoverable? â€“ HardwickeÂ Chambers  https://hardwicke.co.uk/damaged-by-covid-19-what-losses-will-be-recoverable/Â â€¦,[],['https://hardwicke.co.uk/damaged-by-covid-19-what-losses-will-be-recoverable/'],[],0,0,0,[],[],https://twitter.com/inner_temple/status/1281521587502682113,False,,0,,,,,,,"[{'user_id': '8077072', 'username': 'inner_temple'}]",,,,
1281521586584133632,1281521586584133632,1594373530000,2020-07-10,15:02:10,+0530,1172623256358215680,adedunnionigarr,adedunni,,"We went out again...
Why haven't you patronized us..
We are just a DM away..
Location: Lagos
#onlyfansbabe
#tiktokdown
#COVID19  pic.twitter.com/kWXcHtLAq5",[],[],"['https://pbs.twimg.com/media/EcjhCz0WAAQclEi.jpg', 'https://pbs.twimg.com/media/EcjhEWBXkAAhWpE.jpg']",0,0,0,"['#onlyfansbabe', '#tiktokdown', '#covid19']",[],https://twitter.com/adedunnionigarr/status/1281521586584133632,False,,0,,,,,,,"[{'user_id': '1172623256358215680', 'username': 'adedunnionigarr'}]",,,,
1281521585321541633,1281521585321541633,1594373530000,2020-07-10,15:02:10,+0530,1960705897,koko_tv,KOKO TV Nigeria,,"Lagos Assembly Lawmaker, Tunde Braimoh Is Dead.  https://koko.ng/lagos-assembly-lawmaker-tunde-braimoh-is-dead/Â â€¦ #RIPtiktok #tiktokdown #Tinubu #apc #lagos #nayarivera #COVID19 #fridaymorning",[],['https://koko.ng/lagos-assembly-lawmaker-tunde-braimoh-is-dead/'],[],0,0,0,"['#riptiktok', '#tiktokdown', '#tinubu', '#apc', '#lagos', '#nayarivera', '#covid19', '#fridaymorning']",[],https://twitter.com/KOKO_TV/status/1281521585321541633,False,,0,,,,,,,"[{'user_id': '1960705897', 'username': 'KOKO_TV'}]",,,,
1281521583928967168,1281453155075555328,1594373529000,2020-07-10,15:02:09,+0530,2793168210,drmncrald,AMITABHA,,Prayagraj Division is in communication with all Zonal ETCs regarding training schedule for alloted 1669 ALPs panel. Candidates will be called as per training schedule and COVID-19 Protocol earliest,"['mdimran38741366', 'sahilpa47071837', 'vishala68032649', 'shivagopalmish1', 'ir_crb', 'railminindia', 'v_k_yadava', 'nitin_gadkari', 'nitiaayog', 'piyushgoyal', 'ombirlakota', 'ndtv', 'narendramodi']",[],[],0,0,0,[],[],https://twitter.com/drmncrald/status/1281521583928967168,False,,0,,,,,,,"[{'user_id': '2793168210', 'username': 'drmncrald'}, {'user_id': '1251510381727453184', 'username': 'Mdimran38741366'}, {'user_id': '1269896253648728065', 'username': 'sahilpa47071837'}, {'user_id': '1010418175257669632', 'username': 'VishalA68032649'}, {'user_id': '1003634182591922177', 'username': 'ShivaGopalMish1'}, {'user_id': '3269807298', 'username': 'IR_CRB'}, {'user_id': '2602959463', 'username': 'RailMinIndia'}, {'user_id': '1175787433444573184', 'username': 'v_k_yadava'}, {'user_id': '97217966', 'username': 'nitin_gadkari'}, {'user_id': '1244137812', 'username': 'NITIAayog'}, {'user_id': '1324334436', 'username': 'PiyushGoyal'}, {'user_id': '190351028', 'username': 'ombirlakota'}, {'user_id': '37034483', 'username': 'ndtv'}, {'user_id': '18839785', 'username': 'narendramodi'}]",,,,
1281521578866405376,1281521578866405376,1594373528000,2020-07-10,15:02:08,+0530,938533034659168256,openletterbot,Open Letters,,"ğŸ–‹ Sign â€œStop Trumpâ€™s efforts to withdraw the US from the WHOâ€ and Iâ€™ll deliver a copy to your officials:  https://twitter.com/messages/compose?recipient_id=835740314006511618&text=sign%20SJRMOHÂ â€¦
ğŸ“¨ No. 62 is from Treasure to @cindyhydesmith, @BennieGThompson and @SenatorWicker #MS02 #MSpolitics #COVID19  pic.twitter.com/0rXLM6xP1k","['cindyhydesmith', 'benniegthompson', 'senatorwicker']",['https://twitter.com/messages/compose?recipient_id=835740314006511618&text=sign%20SJRMOH'],['https://pbs.twimg.com/media/EcjhFR1UYAAnRFw.png'],0,0,0,"['#ms02', '#mspolitics', '#covid19']",[],https://twitter.com/openletterbot/status/1281521578866405376,False,,0,,,,,,,"[{'user_id': '938533034659168256', 'username': 'openletterbot'}, {'user_id': '262192574', 'username': 'cindyhydesmith'}, {'user_id': '82453460', 'username': 'BennieGThompson'}, {'user_id': '264219447', 'username': 'SenatorWicker'}]",,,,
1281521573854412800,1281521573854412800,1594373527000,2020-07-10,15:02:07,+0530,787039223958364165,elinorannie,Annie NB,,"Good news that the UK and Italy will be working with Cambodia to promote a green recovery from #COVID19, in the run up to the UK's #COP26 Presidency next year â€” https://twitter.com/ukincambodia/status/1281163852231540737Â â€¦",[],['https://twitter.com/ukincambodia/status/1281163852231540737'],[],0,0,0,"['#covid19', '#cop26']",[],https://twitter.com/Elinorannie/status/1281521573854412800,False,https://twitter.com/ukincambodia/status/1281163852231540737,0,,,,,,,"[{'user_id': '787039223958364165', 'username': 'Elinorannie'}]",,,,
1281521572055064576,1281521572055064576,1594373526000,2020-07-10,15:02:06,+0530,3102273850,yadafty,Rab McGlinchy,,#economy #COVID19 #coronavirusuk #coronavirus Itâ€™s good to see the Chancellor has a good grasp of the economy. pic.twitter.com/croborFbtN,[],[],['https://pbs.twimg.com/media/EcjhEfhWoAA1_eS.jpg'],0,0,0,"['#economy', '#covid19', '#coronavirusuk', '#coronavirus']",[],https://twitter.com/YaDafty/status/1281521572055064576,False,,0,,,,,,,"[{'user_id': '3102273850', 'username': 'YaDafty'}]",,,,
1281521570435883009,1281521570435883009,1594373526000,2020-07-10,15:02:06,+0530,2415834662,michikarina,michikarina,,Avigan's effectiveness inconclusive in Japan COVID-19 trial | The Japan Times   https://www.japantimes.co.jp/news/2020/07/10/national/science-health/avigans-effectiveness-inconclusive-japan-covid-19-trial/Â â€¦,[],['https://www.japantimes.co.jp/news/2020/07/10/national/science-health/avigans-effectiveness-inconclusive-japan-covid-19-trial/'],[],0,0,0,[],[],https://twitter.com/michikarina/status/1281521570435883009,False,,0,,,,,,,"[{'user_id': '2415834662', 'username': 'michikarina'}]",,,,
1281521570113114112,1281521570113114112,1594373526000,2020-07-10,15:02:06,+0530,887342972928270336,sdmviramgam,Assistant Collector & SDM Viramgam,,"Today took review meeting with Health team,NagarPalika team,police and mamlatdar team regarding Covid 19 situation at Viramgam.
@CollectorAhd @AhmedabadRac @pkumarias @CMOGuj @ahmedabad_info @PS_HFWD_GUJ @DDOAHMEDABAD1 pic.twitter.com/FJ2dt0EgEn","['collectorahd', 'ahmedabadrac', 'pkumarias', 'cmoguj', 'ahmedabad_info', 'ps_hfwd_guj', 'ddoahmedabad1']",[],"['https://pbs.twimg.com/media/EcjgXjqX0AAtwhj.jpg', 'https://pbs.twimg.com/media/EcjguE3X0AAfHF9.jpg']",0,0,0,[],[],https://twitter.com/SDMViramgam/status/1281521570113114112,False,,0,,,,,,,"[{'user_id': '887342972928270336', 'username': 'SDMViramgam'}, {'user_id': '855017532109058048', 'username': 'CollectorAhd'}, {'user_id': '1143775456497262592', 'username': 'AhmedabadRac'}, {'user_id': '1945894908', 'username': 'pkumarias'}, {'user_id': '765535468104585217', 'username': 'CMOGuj'}, {'user_id': '725997193547636736', 'username': 'ahmedabad_info'}, {'user_id': '961562679117795329', 'username': 'PS_HFWD_GUJ'}, {'user_id': '950680298680807424', 'username': 'DDOAHMEDABAD1'}]",,,,
1281521558419378177,1281521558419378177,1594373523000,2020-07-10,15:02:03,+0530,1137786638212509697,remote_job,remote.io - Remote Jobs,,"ğŸš¨ New Remote Job Listing ğŸ“¢ 
            
Frontend Developer at X-Team 
            
 https://www.remote.io/job/6183/frontend-developer-at-x-team?utm_source=social&utm_medium=twitter&utm_campaign=job_alertsÂ â€¦
#remotejobs #remotework #workfomehome #jobs #covid19",[],['https://www.remote.io/job/6183/frontend-developer-at-x-team?utm_source=social&utm_medium=twitter&utm_campaign=job_alerts'],[],0,0,0,"['#remotejobs', '#remotework', '#workfomehome', '#jobs', '#covid19']",[],https://twitter.com/remote_job/status/1281521558419378177,False,,0,,,,,,,"[{'user_id': '1137786638212509697', 'username': 'remote_job'}]",,,,
1281521558125776896,1281520383301230592,1594373523000,2020-07-10,15:02:03,+0530,2306070880,jeremia_mogapi,JeremiaH Mogapi,,Moments before you arrived I was waiting like this.... this was before we wore masks daily cause of COVID19. I wore this mask I was there when you landed.... & I be the first to kiss you guy....  pic.twitter.com/fTgCQY6qn4,[],[],['https://pbs.twimg.com/media/EcjhDzJWsAAtMTg.jpg'],0,0,0,[],[],https://twitter.com/Jeremia_Mogapi/status/1281521558125776896,False,,0,,,,,,,"[{'user_id': '2306070880', 'username': 'Jeremia_Mogapi'}]",,,,
1281521557463093253,1281495381826768898,1594373523000,2020-07-10,15:02:03,+0530,49161418,debbievincent,Debbie Casey ğŸŒğŸ§»,,"Nicola - you've got your independence from showing leadership day in & day out on COVID-19 & being present every day.  
From a random in England who didn't get it before.  I'll be cheering you on this time.","['bbcscotlandnews', 'nicolasturgeon', 'bbcbreakfast']",[],[],0,0,0,[],[],https://twitter.com/DebbieVincent/status/1281521557463093253,False,,0,,,,,,,"[{'user_id': '49161418', 'username': 'DebbieVincent'}, {'user_id': '15687507', 'username': 'BBCScotlandNews'}, {'user_id': '160952087', 'username': 'NicolaSturgeon'}, {'user_id': '143415291', 'username': 'BBCBreakfast'}]",,,,
1281521556431278080,1281521556431278080,1594373523000,2020-07-10,15:02:03,+0530,1207427631693611009,tricklefsen,"Trish Ricklefsen, RealtorÂ®ï¸ and Broker ğŸ‡ºğŸ‡¸",,"See A3 (pg 4 of 10) for the process for diagnosing CoVid19. If you are within 6â€™ (for 10-30 minutes) of a positive, you are deemed positive. This is deceptive and is only done to ruin the economy.  https://cdn.ymaws.com/www.cste.org/resource/resmgr/2020ps/Interim-20-ID-01_COVID-19.pdfÂ â€¦",[],['https://cdn.ymaws.com/www.cste.org/resource/resmgr/2020ps/Interim-20-ID-01_COVID-19.pdf'],[],0,0,0,[],[],https://twitter.com/TRicklefsen/status/1281521556431278080,False,,0,,,,,,,"[{'user_id': '1207427631693611009', 'username': 'TRicklefsen'}]",,,,
1281521552568221696,1268290407512801285,1594373522000,2020-07-10,15:02:02,+0530,103226951,amizere,Agnes Dumisani Mizere,,"Lilongwe District Health Office refuted a rumour circulating on social media that Bwaila hospital is turning into a #COVID__19 hotspot......"" 

""In the past 48 hours Lilongwe district had registered 30 new Covid-19 cases, 3 new 
recoveries and 2 new deaths.""ğŸ‘‡  pic.twitter.com/tNNC7P8fXj",[],[],['https://pbs.twimg.com/media/EcjhDnwWkAMcV4b.jpg'],0,0,0,['#covid__19'],[],https://twitter.com/amizere/status/1281521552568221696,False,,0,,,,,,,"[{'user_id': '103226951', 'username': 'amizere'}]",,,,
1281521551804739584,1281521551804739584,1594373522000,2020-07-10,15:02:02,+0530,133504478,_timos_,Dr Timos Papagatsias,,"Global Type-1 Diabetes Treatment Market 2020- Impact of COVID-19, Future Growth Analysis and Challenges | Astellasâ€¦  http://dlvr.it/RbKvbfÂ  >>>  http://lqventures.comÂ  #strategy #competitiveintelligence #marketing #productmarketing #biotech #healthcare #pharmaceutical #pharma",[],"['http://dlvr.it/RbKvbf', 'http://lqventures.com']",[],0,1,0,"['#strategy', '#competitiveintelligence', '#marketing', '#productmarketing', '#biotech', '#healthcare', '#pharmaceutical', '#pharma']",[],https://twitter.com/_timos_/status/1281521551804739584,False,,0,,,,,,,"[{'user_id': '133504478', 'username': '_timos_'}]",,,,
1281521551167369217,1281521551167369217,1594373521000,2020-07-10,15:02:01,+0530,321881737,kayeholland,Kaye Holland,,The luxury of having outdoor space:  https://www.bbc.com/worklife/article/20200617-the-luxury-and-privilege-of-a-balcony-or-yard-during-covidÂ â€¦? #outdoors #letsgoutside #pandemic #pandemiclife #COVID19,[],['https://www.bbc.com/worklife/article/20200617-the-luxury-and-privilege-of-a-balcony-or-yard-during-covid'],[],0,0,0,"['#outdoors', '#letsgoutside', '#pandemic', '#pandemiclife', '#covid19']",[],https://twitter.com/KayeHolland/status/1281521551167369217,False,,0,,,,,,,"[{'user_id': '321881737', 'username': 'KayeHolland'}]",,,,
1281521548533391361,1281521548533391361,1594373521000,2020-07-10,15:02:01,+0530,20063805,busydoctor,Start. Stop. Repeat.,,"Thank you Tony Maher from @ONSIGHT_UK for supporting us, as well as being generally a great person 
#Covid_19 

Be part of the solution:  https://buff.ly/2YGkdR5Â ",['onsight_uk'],['https://buff.ly/2YGkdR5'],[],0,0,0,['#covid_19'],[],https://twitter.com/busydoctor/status/1281521548533391361,False,,0,,,,,,,"[{'user_id': '20063805', 'username': 'busydoctor'}, {'user_id': '376185321', 'username': 'ONSIGHT_UK'}]",,,,
1281521548428541952,1281521548428541952,1594373521000,2020-07-10,15:02:01,+0530,380207426,erumskhan,Smartly Locked Ennui,,Almost all countries which presumably had it well under control are witnessing a re-emergence of #COVID19 positive cases. Embrace Corona! It's here to stay.. #NormaliseCorona,[],[],[],0,0,0,"['#covid19', '#normalisecorona']",[],https://twitter.com/ErumSKhan/status/1281521548428541952,False,,0,,,,,,,"[{'user_id': '380207426', 'username': 'ErumSKhan'}]",,,,
1281521547166048256,1281521547166048256,1594373521000,2020-07-10,15:02:01,+0530,1263442853579161601,drbenkruskal,Dr. Ben Kruskal (He/him/his),,"#Covid19-->deaths directly via infection, via complications of underlying conditions, & indirectly, from delay seeking care for unrelated acute illness. Excess deaths 2020 vs  2019 due to Covid ~100K, 1/3 from delayed care for non-Covid illness.  Summary  https://buff.ly/2BzyEOeÂ ",[],['https://buff.ly/2BzyEOe'],[],0,0,0,['#covid19'],[],https://twitter.com/drbenkruskal/status/1281521547166048256,False,,0,,,,,,,"[{'user_id': '1263442853579161601', 'username': 'drbenkruskal'}]",,,,
1281521546540900352,1281521546540900352,1594373520000,2020-07-10,15:02:00,+0530,27404490,malaymail,Malay Mail,,"Ismail reminded the businesses to follow the governmentâ€™s SOP as the war against Covid-19 is still ongoing. Ismail also reminded the public that pubs and nightclubs are still not allowed to reopen.â €
â €
Read more at  http://malaymail.comÂ 
(ğŸ“¸: Bernama)â €
#covid19malaysia #rmco pic.twitter.com/eD3iMGcbS3",[],['http://malaymail.com'],['https://pbs.twimg.com/media/EcjhDViVAAA62CJ.jpg'],0,0,0,"['#covid19malaysia', '#rmco']",[],https://twitter.com/malaymail/status/1281521546540900352,False,,0,,,,,,,"[{'user_id': '27404490', 'username': 'malaymail'}]",,,,
1281521545387671552,1281184577931882496,1594373520000,2020-07-10,15:02:00,+0530,845063776806359041,o0deckofcards0o,#INITTOGETHERğŸ‡¬ğŸ‡§ğŸ‡ºğŸ‡¸ğŸ™â­â­â­,,Doctors in uk have been instructed to do this and evidence is if you wear a mask it results in pleurisy then pneumonia especially the elderly and there are reports out there covid-19 is nothing more than common cold it's the mask that make it dangerous,"['nancyhaven', 'sophiel17973169', 'ds13_manon', 'enduklockdown1']",[],[],0,0,0,[],[],https://twitter.com/o0DeckofCards0o/status/1281521545387671552,False,,0,,,,,,,"[{'user_id': '845063776806359041', 'username': 'o0DeckofCards0o'}, {'user_id': '1338939428', 'username': 'NancyHaven'}, {'user_id': '1064552211278163969', 'username': 'sophieL17973169'}, {'user_id': '272118514', 'username': 'ds13_manon'}, {'user_id': '1253948261594996736', 'username': 'EndUKLockdown1'}]",,,,
1281521544095625218,1281521544095625218,1594373520000,2020-07-10,15:02:00,+0530,285668251,cedrec_news,Cedrec,,"COVID's effects on education establishment? We've compiled some safety guidance to help you out. See our news page -  http://cedr.ec/71rÂ 
#education #COVID19 #healthandsafety #teaching #college #universities",[],['http://cedr.ec/71r'],[],0,0,0,"['#education', '#covid19', '#healthandsafety', '#teaching', '#college', '#universities']",[],https://twitter.com/cedrec_news/status/1281521544095625218,False,,0,,,,,,,"[{'user_id': '285668251', 'username': 'cedrec_news'}]",,,,
1281521543978168320,1281521543978168320,1594373520000,2020-07-10,15:02:00,+0530,388742252,da_gpl,DA Gauteng,,"We are highly concerned by reports of oxygen shortages at Gauteng health facilities as it is a critical resource in saving the lives of those with Covid-19 infection. - @JackBloomDA 

To read more, click here:  https://bit.ly/38Q3cYcÂ  pic.twitter.com/D4ljEi2REW",['jackbloomda'],['https://bit.ly/38Q3cYc'],['https://pbs.twimg.com/media/EcjTJrOWsAEuDf8.jpg'],0,0,0,[],[],https://twitter.com/DA_GPL/status/1281521543978168320,False,,0,,,,,,,"[{'user_id': '388742252', 'username': 'DA_GPL'}, {'user_id': '21634418', 'username': 'JackBloomDA'}]",,,,
1281521543768662017,1281521543768662017,1594373520000,2020-07-10,15:02:00,+0530,938763280549662720,sixstarglobal,Six Star Global,,"As part of the ongoing fight against COVID-19, we're still offering Six Star: Secure (Track and Trace) for free as part of our 'lite' Six Star: Secure service. 

For more information go to -  https://trace.sixstar.global/Â ",[],['https://trace.sixstar.global/'],[],0,0,0,[],[],https://twitter.com/SixStarGlobal/status/1281521543768662017,False,,0,,,,,,,"[{'user_id': '938763280549662720', 'username': 'SixStarGlobal'}]",,,,
1281521541860204544,1281521541860204544,1594373519000,2020-07-10,15:01:59,+0530,19177951,chenryadams,C. Henry Adams,,"NPR: WHO: Aerosols Likely Not Significant Source Of COVID-19 Transmission : Goats and Soda.
 https://www.npr.org/sections/goatsandsoda/2020/07/09/889526937/who-report-aerosols-not-likely-to-be-significant-source-of-covid-19-transmission?ft=nprml&f=1001Â â€¦

via @GoogleNews",['googlenews'],['https://www.npr.org/sections/goatsandsoda/2020/07/09/889526937/who-report-aerosols-not-likely-to-be-significant-source-of-covid-19-transmission?ft=nprml&f=1001'],[],0,0,0,[],[],https://twitter.com/CHENRYADAMS/status/1281521541860204544,False,,0,,,,,,,"[{'user_id': '19177951', 'username': 'CHENRYADAMS'}, {'user_id': '33584794', 'username': 'googlenews'}]",,,,
1281521528501415936,1281521528501415936,1594373516000,2020-07-10,15:01:56,+0530,1015084941498048513,potus_15,James Buchanan,,"A growing list of Republican leaders are indicating they will not attend the @GOP convention in Florida citing coronavirus concerns. 

But they feel it is safe to send your children back to school for 8 hours a day, 5 days a week. 
#COVID19 #SchoolReopening",['gop'],[],[],0,0,0,"['#covid19', '#schoolreopening']",[],https://twitter.com/POTUS_15/status/1281521528501415936,False,,0,,,,,,,"[{'user_id': '1015084941498048513', 'username': 'POTUS_15'}, {'user_id': '11134252', 'username': 'GOP'}]",,,,
1281521527251283969,1281520754912198656,1594373516000,2020-07-10,15:01:56,+0530,210761349,sri2kanthk,Srikanth,,Policy & decision making is biggest TRAGEDY than COVID 19...,['digitaldutta'],[],[],0,0,0,[],[],https://twitter.com/sri2kanthK/status/1281521527251283969,False,,0,,,,,,,"[{'user_id': '210761349', 'username': 'sri2kanthK'}, {'user_id': '515228826', 'username': 'digitaldutta'}]",,,,
1281521525548388352,1281521525548388352,1594373515000,2020-07-10,15:01:55,+0530,1280834885100253185,bhukyasaikrish3,BHUKYA SAIKRISHNA NAYAK,,"It is extremely unfair to conduct exams during Covid-19 pandemic
UGC Must hear the voice of students and academic exams should be cancel.""We want u live not to die, ' We r from ""SATHAVAHANA UNIVERSITY KARIMNAGAR ""STUDENTS demands to cancel exams,don't kill us #SpeakUpForStudents pic.twitter.com/s81JJkH5T3",[],[],['https://pbs.twimg.com/media/EcjhAi8U0AA9en9.jpg'],0,0,0,['#speakupforstudents'],[],https://twitter.com/BHUKYASAIKRISH3/status/1281521525548388352,False,,0,,,,,,,"[{'user_id': '1280834885100253185', 'username': 'BHUKYASAIKRISH3'}]",,,,
1281521523807752194,1281521523807752194,1594373515000,2020-07-10,15:01:55,+0530,1210172287690764293,didigorbo,Banglar Jubo Shakti,,Recovered patients are donating plasma to the State Plasma Bank to help the fellow infected citizens recover. Such united efforts shall help Bengal defeat COVID-19. Bengal fights Corona. #BanglarGorboMamata pic.twitter.com/DVMoxPnjiq,[],[],['https://pbs.twimg.com/media/EcjUwlxXkAAuamQ.png'],0,0,0,['#banglargorbomamata'],[],https://twitter.com/DidiGorbo/status/1281521523807752194,False,,0,,,,,,,"[{'user_id': '1210172287690764293', 'username': 'DidiGorbo'}]",,,,
1281521522797162496,1281521522797162496,1594373515000,2020-07-10,15:01:55,+0530,39329769,kevintheobald,ĞšĞµvin Theobald,,"Government guidelines on safe #COVID19 practices in theatre...
Exit pursued by, a socially distanced, bear.",[],[],[],0,0,0,['#covid19'],[],https://twitter.com/kevintheobald/status/1281521522797162496,False,,0,,,,,,,"[{'user_id': '39329769', 'username': 'kevintheobald'}]",,,,
1281521521882611712,1281521521882611712,1594373514000,2020-07-10,15:01:54,+0530,1265231625375416325,bol_kashmir,Bol Kashmir,,"*UPDATE*

>>>     COVID-19 claims 4th life on Friday taking fatality count to 159 in Jammu and Kashmir.",[],[],[],0,0,0,[],[],https://twitter.com/bol_kashmir/status/1281521521882611712,False,,0,,,,,,,"[{'user_id': '1265231625375416325', 'username': 'bol_kashmir'}]",,,,
1281521520527863808,1281521520527863808,1594373514000,2020-07-10,15:01:54,+0530,610785766,pawonkumar1,pavan kumar pothula,,"Blessings are just around the corner 
and we search for  god !
you feel me
ain't no free test for COVID-19 
ok , fuck government
WE   >   am gonna win this foreplay.
VIRUS  >   you gonna moan my name
""MENS REA"" ,  ""ACTUS REUS"" 
Death penalty , case closed 
  #SpeakUpForStudents",[],[],[],0,0,0,['#speakupforstudents'],[],https://twitter.com/pawonkumar1/status/1281521520527863808,False,,0,,,,,,,"[{'user_id': '610785766', 'username': 'pawonkumar1'}]",,,,
1281521519110295552,1281521519110295552,1594373514000,2020-07-10,15:01:54,+0530,16883417,kirkleescouncil,Kirklees Council,,Do you run a hospitality business in Kirklees? join our live webinar now for a chance to ask questions about safely opening during Covid-19. ğŸ‘‰ https://www.youtube.com/watch?v=JJxe6EvNKow&feature=youtu.beÂ â€¦,[],['https://www.youtube.com/watch?v=JJxe6EvNKow&feature=youtu.be'],[],0,0,0,[],[],https://twitter.com/KirkleesCouncil/status/1281521519110295552,False,,0,,,,,,,"[{'user_id': '16883417', 'username': 'KirkleesCouncil'}]",,,,
1281521519026290691,1281521519026290691,1594373514000,2020-07-10,15:01:54,+0530,3241091575,dpkbopanna,Deepak Bopanna,,"Exams for degree, engineering, post graduation, diploma courses cancelled in Karnataka die to the prevailing #COVID__19 Pandemic. Only final sem students will have to write exams in September. 

Here are the details

#examscancelled #Cancel_Exam2020 pic.twitter.com/w5rl360Gby",[],[],"['https://pbs.twimg.com/media/Ecjg9EFUwAACs56.jpg', 'https://pbs.twimg.com/media/Ecjg_rsUMAASHsM.jpg']",0,0,0,"['#covid__19', '#examscancelled', '#cancel_exam2020']",[],https://twitter.com/dpkBopanna/status/1281521519026290691,False,,0,,,,,,,"[{'user_id': '3241091575', 'username': 'dpkBopanna'}]",,,,
1281521514391666688,1281521514391666688,1594373513000,2020-07-10,15:01:53,+0530,985572282197250051,newsfromchennai,Chennai news,,Wait and watch Chennais COVID-19 pattern before declaring success (via:  https://www.thehindu.com/news/national/tamil-nadu/wait-and-watch-chennais-covid-19-pattern-before-declaring-success/article32037116.eceÂ â€¦) https://newsaroundme.com/story/19B8BC3D6197B0DCÂ â€¦,[],"['https://www.thehindu.com/news/national/tamil-nadu/wait-and-watch-chennais-covid-19-pattern-before-declaring-success/article32037116.ece', 'https://newsaroundme.com/story/19B8BC3D6197B0DC']",[],0,0,0,[],[],https://twitter.com/newsFromChennai/status/1281521514391666688,False,,0,,,,,,,"[{'user_id': '985572282197250051', 'username': 'newsFromChennai'}]",,,,
1281521508972552193,1281521508972552193,1594373511000,2020-07-10,15:01:51,+0530,1265485822393909248,lorenak57837411,Lorena,,"My rhyming is done
Just don't judge others
After the song was sung
Be good to your mother's
You only get one
Who doesn't want to smother
Just keep virus from your lungs
For future lovers
When Covid-19 is done
WASH UP AND MASK UP!!  pic.twitter.com/dHjICw16dk",[],[],['https://pbs.twimg.com/media/EcjhBM8UYAEJQMH.jpg'],0,0,0,[],[],https://twitter.com/LorenaK57837411/status/1281521508972552193,False,,0,,,,,,,"[{'user_id': '1265485822393909248', 'username': 'LorenaK57837411'}]",,,,
1281989118323556355,1281989118323556355,1594484998000,2020-07-11,21:59:58,+0530,543761210,mimitexasangel,Black Lives Matter ~ Cannabis is Food that Heals,,Dr. Bartlett Covid19 Press Conference - Cancer Patient Makes 100% Recove...  https://youtu.be/cCNRTgvbHS0Â  via @YouTube,['youtube'],['https://youtu.be/cCNRTgvbHS0'],[],0,0,0,[],[],https://twitter.com/MimiTexasAngel/status/1281989118323556355,False,,0,,,,,,,"[{'user_id': '543761210', 'username': 'MimiTexasAngel'}, {'user_id': '10228272', 'username': 'YouTube'}]",,,,
1281989115794399233,1281989115794399233,1594484998000,2020-07-11,21:59:58,+0530,890447395,mz_tolumeduna,Tolu Meduna,,"Silent transmission could account for more than half of the COVID-19 cases diagnosed globally, according to a study by researchers in the US and Canada. In one research, published in the journal PNAS  https://m.facebook.com/story.php?story_fbid=3245660982120754&id=100000306535811Â â€¦",[],['https://m.facebook.com/story.php?story_fbid=3245660982120754&id=100000306535811'],[],0,0,0,[],[],https://twitter.com/Mz_Tolumeduna/status/1281989115794399233,False,,0,,,,,,,"[{'user_id': '890447395', 'username': 'Mz_Tolumeduna'}]",,,,
1281989115408506882,1281989115408506882,1594484997000,2020-07-11,21:59:57,+0530,1273377302156468224,brandon11029236,BayouBeezy,,Small Plastic string in your nose in each nostril for 5 seconds my goodness first Covid Test burns a little  #COVID__19,[],[],[],0,0,0,['#covid__19'],[],https://twitter.com/Brandon11029236/status/1281989115408506882,False,,0,,,,,,,"[{'user_id': '1273377302156468224', 'username': 'Brandon11029236'}]",,,,
1281989114594828288,1281985455559450626,1594484997000,2020-07-11,21:59:57,+0530,3814413376,marinasoltan_,Dr Marina Soltan,,#COVID__19 positive BAME patients are also more likely than white caucasians to be admitted to ITU (34% of COVID positive patients admitted to ITU are of BAME ethnicity despite BAME groups making up 14% of the population in the UK),[],[],[],0,0,0,['#covid__19'],[],https://twitter.com/marinasoltan_/status/1281989114594828288,False,,0,,,,,,,"[{'user_id': '3814413376', 'username': 'marinasoltan_'}]",,,,
1281989112640282626,1281987065933172736,1594484997000,2020-07-11,21:59:57,+0530,736254846140067840,fhumutshisevhe,Tshisevhe â¤ï¸,,Covid-19 really is stopping us from flourishing ğŸ¥º.,['huliemalie'],[],[],0,0,0,[],[],https://twitter.com/FhumuTshisevhe/status/1281989112640282626,False,,0,,,,,,,"[{'user_id': '736254846140067840', 'username': 'FhumuTshisevhe'}, {'user_id': '799368595914575872', 'username': 'HulieMalie'}]",,,,
1281989111029653504,1281989111029653504,1594484996000,2020-07-11,21:59:56,+0530,1165733667383271424,indispensablerx,Indispensable_Rx,,"â€˜Safe At ğŸ¡â€™ has driven many to seek more fun in the â˜€ï¸. Play it safe! Overheating could result in Heat Stroke, and frequently prescribed meds can contribute to your risks. Call, click, WhatsApp TODAY to learn more! #SaturdayMorning #StrokeSurvivor #COVID__19  pic.twitter.com/CGG0pJ5m7S",[],[],['https://pbs.twimg.com/media/EcqKSUHWkAYEOMF.jpg'],0,0,0,"['#saturdaymorning', '#strokesurvivor', '#covid__19']",[],https://twitter.com/IndispensableRx/status/1281989111029653504,False,,0,,,,,,,"[{'user_id': '1165733667383271424', 'username': 'IndispensableRx'}]",,,,
1281989110186618880,1281957916149518342,1594484996000,2020-07-11,21:59:56,+0530,301552174,dc_rob,Robert: Parler @DCRob,,"Actually, due to COVID-19's declining death rate, it will soon not be considered an epidemic anymore, which by definition, means it's no longer a pandemic. Educated guesses should be based on that timeframe, understanding that pandemics are not indefinite.","['chriscronson', 'lundemo14', 'joshtpm']",[],[],0,0,0,[],[],https://twitter.com/DC_Rob/status/1281989110186618880,False,,0,,,,,,,"[{'user_id': '301552174', 'username': 'DC_Rob'}, {'user_id': '513635128', 'username': 'ChrisCronson'}, {'user_id': '1053099465832157184', 'username': 'Lundemo14'}, {'user_id': '21268897', 'username': 'joshtpm'}]",,,,
1281989109322518528,1281989109322518528,1594484996000,2020-07-11,21:59:56,+0530,1281157593893949441,arlin5555555555,arlin,,"I'm at my best friend's house, The last time I saw her, she got mad at me and I didn't see her for a long time. Then I came Covid-19 and months went by without seeing her, and nowadays I'm with her. She's still sleeping, but I'm by her side.",[],[],[],0,0,0,[],[],https://twitter.com/arlin5555555555/status/1281989109322518528,False,,0,,,,,,,"[{'user_id': '1281157593893949441', 'username': 'arlin5555555555'}]",,,,
1281989105354600450,1281989105354600450,1594484995000,2020-07-11,21:59:55,+0530,1060628806040346625,truthseekers111,Truth_Seekers ğŸ‡ºğŸ‡¸,,"Illinois Costco shopper spits in man's face for removing mask while exiting store: police 

'I am a schoolteacher and I have COVID-19,' she allegedly told the man.

 https://www.foxnews.com/us/illinois-costco-shopper-coronavirus-maskÂ â€¦",[],['https://www.foxnews.com/us/illinois-costco-shopper-coronavirus-mask'],[],0,0,1,[],[],https://twitter.com/TruthSeekers111/status/1281989105354600450,False,,0,,,,,,,"[{'user_id': '1060628806040346625', 'username': 'TruthSeekers111'}]",,,,
1281989104092229637,1281989104092229637,1594484995000,2020-07-11,21:59:55,+0530,2525446616,micasaot7,MOTSâ· ğŸ’ğŸ’ğŸ’,,This is literally Trump with COVID-19.  â€œWinning the war on COVID.â€ğŸ™„  pic.twitter.com/rwE1wlB0qB,[],[],[],0,0,0,[],[],https://twitter.com/MiCasaOT7/status/1281989104092229637,False,,1,,,,,,,"[{'user_id': '2525446616', 'username': 'MiCasaOT7'}]",,,,
1281989103932801025,1281989103932801025,1594484995000,2020-07-11,21:59:55,+0530,1225969460596658180,larry23291491,Larry,,Why start now just jump into the COVID19 pool hopefully natural selection will take over  https://twitter.com/keithedwards/status/1281971721281646592Â â€¦,[],['https://twitter.com/keithedwards/status/1281971721281646592'],[],0,0,0,[],[],https://twitter.com/Larry23291491/status/1281989103932801025,False,https://twitter.com/keithedwards/status/1281971721281646592,0,,,,,,,"[{'user_id': '1225969460596658180', 'username': 'Larry23291491'}]",,,,
1281989102787858432,1281989102787858432,1594484994000,2020-07-11,21:59:54,+0530,32920518,nicojanssen,Nico Janssen  ğŸ‘‰#TeamPelosi,,"Novel idea ... the @gop @dnc #BenedictDonald @realDonaldTrump  attending the funerals of their COVID-19 victims unfortunately for us it will be a full time job for these lazy overpaid politicians.

 https://us.yahoo.com/news/daughter-invited-gov-doug-ducey-002924486.htmlÂ â€¦","['gop', 'dnc', 'realdonaldtrump']",['https://us.yahoo.com/news/daughter-invited-gov-doug-ducey-002924486.html'],[],0,0,0,['#benedictdonald'],[],https://twitter.com/nicojanssen/status/1281989102787858432,False,,0,,,,,,,"[{'user_id': '32920518', 'username': 'nicojanssen'}, {'user_id': '11134252', 'username': 'GOP'}, {'user_id': '722793491059769344', 'username': 'DNC'}, {'user_id': '25073877', 'username': 'realDonaldTrump'}]",,,,
1281989100611018753,1281989100611018753,1594484994000,2020-07-11,21:59:54,+0530,27061136,betsyloohoo,Betsy K,,this thought just came to me...how would the town of #schittscreek handle #covid19?? Would David's mask fashion be out of control? I need to know @danjlevy,['danjlevy'],[],[],0,0,0,"['#schittscreek', '#covid19']",[],https://twitter.com/betsyloohoo/status/1281989100611018753,False,,0,,,,,,,"[{'user_id': '27061136', 'username': 'betsyloohoo'}, {'user_id': '42451620', 'username': 'danjlevy'}]",,,,
1281989098891177985,1281989098891177985,1594484994000,2020-07-11,21:59:54,+0530,938533034659168256,openletterbot,Open Letters,,"ğŸ“¬ I delivered â€œCOVID-19 Do something!â€ from Leslie, a constituent in Sarasota, Fla., to @rondesantisfl #sayfie #flapol
ğŸ“ Write your own:  https://twitter.com/messages/compose?recipient_id=835740314006511618&text=resistÂ â€¦ pic.twitter.com/5VX2PcRol0",['rondesantisfl'],['https://twitter.com/messages/compose?recipient_id=835740314006511618&text=resist'],['https://pbs.twimg.com/media/EcqKSk2U8AAORJ7.png'],0,0,0,"['#sayfie', '#flapol']",[],https://twitter.com/openletterbot/status/1281989098891177985,False,,0,,,,,,,"[{'user_id': '938533034659168256', 'username': 'openletterbot'}, {'user_id': '487297085', 'username': 'RonDeSantisFL'}]",,,,
1281989097737912322,1281989094416044032,1594484993000,2020-07-11,21:59:53,+0530,879677833022451712,nrsonie,Nr.Sonie,,"Nursing Fraternity is mourning Layford Mburia & Moses Ringera who Succumbed to COVID-19.
RIP gallant frontline soldiers.",[],[],[],0,0,0,[],[],https://twitter.com/NrSonie/status/1281989097737912322,False,,0,,,,,,,"[{'user_id': '879677833022451712', 'username': 'NrSonie'}]",,,,
1281989095195959296,1281957309950951424,1594484993000,2020-07-11,21:59:53,+0530,39513238,anitalclark,Anita Crawford Clark,,"So then... every teacher or child that (God forbid) dies from Covid-19 because they went back to school, the WH/Govt. will insure their lives and compensate their families with income for life? We teachers sacrifice so much for the love of kids - but govt. sacrifices nothing 4 us",['zaackhunt'],[],[],0,0,0,[],[],https://twitter.com/AnitaLClark/status/1281989095195959296,False,,0,,,,,,,"[{'user_id': '39513238', 'username': 'AnitaLClark'}, {'user_id': '216099617', 'username': 'ZaackHunt'}]",,,,
1281989095154241537,1281989095154241537,1594484993000,2020-07-11,21:59:53,+0530,817579192904581120,jillasmiley,JillA & Chloe woo2,,"@realDonaldTrump @GOP @MikePennce @VP
#TrumpVirus  trumps sycophants are RESPONSIBLE for #COVID__19 #COVIDIDIOTS #COVIDIOTS #MAGAMorons #MAGA2020  USA is on ğŸ”¥ğŸ”¥ğŸ”¥ğŸ”¥ https://twitter.com/frecklesxx20/status/1281985142227996672Â â€¦","['realdonaldtrump', 'gop', 'mikepennce', 'vp']",['https://twitter.com/frecklesxx20/status/1281985142227996672'],[],0,0,0,"['#trumpvirus', '#covid__19', '#covididiots', '#covidiots', '#magamorons', '#maga2020']",[],https://twitter.com/JillASmiley/status/1281989095154241537,False,https://twitter.com/FrecklesXX20/status/1281985142227996672,0,,,,,,,"[{'user_id': '817579192904581120', 'username': 'JillASmiley'}, {'user_id': '25073877', 'username': 'realDonaldTrump'}, {'user_id': '11134252', 'username': 'GOP'}, {'user_id': '495398094', 'username': 'MikePennce'}, {'user_id': '818910970567344128', 'username': 'VP'}]",,,,
1281989093707124738,1281989093707124738,1594484992000,2020-07-11,21:59:52,+0530,1045311759660257280,mulindwa_guy,MulindwaMoses,,"Yesterday I helped 25 families in Ggaba, Kampala with food.

Iâ€™m aiming to feed 400 families. You can join me to feed the starving children and the elderly affected by floods #ClimateCrisis during this pandemic #COVID__19.
Please donate hereğŸ‘‰ğŸ½ https://twitter.com/mulindwa_guy/status/1279803725037604865?s=21Â â€¦ pic.twitter.com/3ChbVl6R5I",[],['https://twitter.com/mulindwa_guy/status/1279803725037604865?s=21'],[],0,0,0,"['#climatecrisis', '#covid__19']",[],https://twitter.com/mulindwa_guy/status/1281989093707124738,False,,1,,,,,,,"[{'user_id': '1045311759660257280', 'username': 'mulindwa_guy'}]",,,,
1281989093455474689,1281989093455474689,1594484992000,2020-07-11,21:59:52,+0530,1160673769,pygmyclay,Clay Bob,,"COVID-19 Patient Was Black And Paralyzed, So Doctors Decided His Life Wasnâ€™t Worth Saving  https://www.weaselzippers.us/452163-covid-19-patient-was-black-and-paralyzed-so-doctors-decided-his-life-wasnt-worth-saving/Â â€¦ via @weaselzippers All lives matter! Democrats must have learned that the man was a Conservative.",['weaselzippers'],['https://www.weaselzippers.us/452163-covid-19-patient-was-black-and-paralyzed-so-doctors-decided-his-life-wasnt-worth-saving/'],[],0,0,0,[],[],https://twitter.com/PygmyClay/status/1281989093455474689,False,,0,,,,,,,"[{'user_id': '1160673769', 'username': 'PygmyClay'}, {'user_id': '16386704', 'username': 'weaselzippers'}]",,,,
1281989092083937280,1281989092083937280,1594484992000,2020-07-11,21:59:52,+0530,97335959,imelicia,Meliciology,,This COVID-19 situation has pulled either the best or worst out of people.,[],[],[],0,0,0,[],[],https://twitter.com/iMelicia/status/1281989092083937280,False,,0,,,,,,,"[{'user_id': '97335959', 'username': 'iMelicia'}]",,,,
1281990800205844484,1281970657228660736,1594485399000,2020-07-11,22:06:39,+0530,1150497874662309888,charles79180293,Charles,,He and DeSantis mislead Floridians that COVID-19 does not kill young people. Wrong. It's a matter of time. Floridians are on their own. No leadership.,"['publicsquared', 'marcorubio']",[],[],0,0,0,[],[],https://twitter.com/Charles79180293/status/1281990800205844484,False,,0,,,,,,,"[{'user_id': '1150497874662309888', 'username': 'Charles79180293'}, {'user_id': '251353330', 'username': 'publicsquared'}, {'user_id': '15745368', 'username': 'marcorubio'}]",,,,
1281990798851047426,1281990798851047426,1594485399000,2020-07-11,22:06:39,+0530,41388504,sdstate,South Dakota State University,,"Jackrabbits, check out @brookingsinfo's COVID-19 resource webpage. 
Get recent information and updates on the coronavirus situation from #SDState's epidemiologist Dr. Bonny Specker:  https://hubs.ly/H0spTTg0Â  pic.twitter.com/XGhbzfqq7a",['brookingsinfo'],['https://hubs.ly/H0spTTg0'],['https://pbs.twimg.com/media/EcqL1m4XYAEMs3k.jpg'],0,0,0,['#sdstate'],[],https://twitter.com/SDState/status/1281990798851047426,False,,0,,,,,,,"[{'user_id': '41388504', 'username': 'SDState'}, {'user_id': '164020616', 'username': 'brookingsinfo'}]",,,,
1281990797701853191,1281979261147131905,1594485399000,2020-07-11,22:06:39,+0530,1064518473982857216,ahmed__sanusi,Amah,,They are making so much money for them selves in the name of covid-19. Punishment always follows excess ğŸ‘‚,"['drjoeabah', 'yazidbee']",[],[],0,0,0,[],[],https://twitter.com/Ahmed__Sanusi/status/1281990797701853191,False,,0,,,,,,,"[{'user_id': '1064518473982857216', 'username': 'Ahmed__Sanusi'}, {'user_id': '2257546388', 'username': 'DrJoeAbah'}, {'user_id': '241950155', 'username': 'yazidbee'}]",,,,
1281990796783366148,1281990796783366148,1594485398000,2020-07-11,22:06:38,+0530,1219620049612181504,alifnewsin,ALIF News - India.,,"Covid-19: Telangana records 1,178 new cases, nine deaths onÂ Saturday  https://www.alifnews.in/covid-19-telangana-records-1178-new-cases-nine-deaths-on-saturday/Â â€¦",[],['https://www.alifnews.in/covid-19-telangana-records-1178-new-cases-nine-deaths-on-saturday/'],[],0,0,0,[],[],https://twitter.com/alifnewsin/status/1281990796783366148,False,,0,,,,,,,"[{'user_id': '1219620049612181504', 'username': 'alifnewsin'}]",,,,
1281990790751948801,1281990790751948801,1594485397000,2020-07-11,22:06:37,+0530,22089519,mikeconnors,Michael Connors,,"No new cases of COVID-19 reported today. The health department says all the close contacts of yesterday's case have tested negative so far, but close contacts have been advised to quarantine as a precaution. #nlpoli",[],[],[],0,0,0,['#nlpoli'],[],https://twitter.com/MikeConnors/status/1281990790751948801,False,,0,,,,,,,"[{'user_id': '22089519', 'username': 'MikeConnors'}]",,,,
1281990789166444544,1281990789166444544,1594485397000,2020-07-11,22:06:37,+0530,1217461729585700870,robfish66561504,@Rob_Fisher,,@DlaminiZuma IS THERE A SECOND PANDEMIC WAVE OF COVID-19,['dlaminizuma'],[],[],0,0,0,[],[],https://twitter.com/RobFish66561504/status/1281990789166444544,False,,0,,,,,,,"[{'user_id': '1217461729585700870', 'username': 'RobFish66561504'}, {'user_id': '2942978628', 'username': 'DlaminiZuma'}]",,,,
1281990788717608961,1281930726431240204,1594485396000,2020-07-11,22:06:36,+0530,1226573560535232513,taele77,mo.taele77,,"Covid19 
Load shedding
Load reduction(Townships only)
Corruption
Violent crime
Unemployment
Comrades helping themselves to R500Bn&Donated food relief.

ISSA MESSğŸ¤¦ğŸ¿â€â™‚ï¸","['mbalulafikile', 'vercingetorics']",[],[],0,0,0,[],[],https://twitter.com/taele77/status/1281990788717608961,False,,0,,,,,,,"[{'user_id': '1226573560535232513', 'username': 'taele77'}, {'user_id': '2382362052', 'username': 'MbalulaFikile'}, {'user_id': '242756378', 'username': 'vercingetorics'}]",,,,
1281990788642045954,1281990788642045954,1594485396000,2020-07-11,22:06:36,+0530,86881740,nathan_warner,Nathan Warner ğŸ‡¨ğŸ‡¦ğŸ‡¦ğŸ‡ºğŸš‘ğŸš’,,"America needed this about 4 months ago... #COVID19 

Canâ€™t believe domestic interstate travel is still happening there..  https://twitter.com/drjengunter/status/1281762568525082627Â â€¦",[],['https://twitter.com/drjengunter/status/1281762568525082627'],[],0,0,0,['#covid19'],[],https://twitter.com/nathan_warner/status/1281990788642045954,False,https://twitter.com/DrJenGunter/status/1281762568525082627,0,,,,,,,"[{'user_id': '86881740', 'username': 'nathan_warner'}]",,,,
1281990781025345536,1281990781025345536,1594485395000,2020-07-11,22:06:35,+0530,914008268707586053,kevinvaddoriya,Kevin Vaddoriya,,"Me: is it really government wants to take examsğŸ¤”!!
Nobody: they just want to distract the youth so that no one raise voice for their failure in handling pandemic or everyone's attention go on it. #Justthinking #Covid19 #Exams2020 @DrRPNishank @imBhupendrasinh @AamAadmiParty","['drrpnishank', 'imbhupendrasinh', 'aamaadmiparty']",[],[],0,0,0,"['#justthinking', '#covid19', '#exams2020']",[],https://twitter.com/KevinVaddoriya/status/1281990781025345536,False,,0,,,,,,,"[{'user_id': '914008268707586053', 'username': 'KevinVaddoriya'}, {'user_id': '2617066206', 'username': 'DrRPNishank'}, {'user_id': '613537399', 'username': 'imBhupendrasinh'}, {'user_id': '711694309', 'username': 'AamAadmiParty'}]",,,,
1281990779586650112,1281990779586650112,1594485394000,2020-07-11,22:06:34,+0530,3048591134,llavandedusud,Lavande du SudğŸ˜·,,"Waldron voted against mask & now, he's fighting for his life.

St. Johns County commissioner hospitalized with COVID-19
""Ashley Waldron Zapata posted on Facebook that her father went into septic shock and many of his organs are struggling.""
 https://www.news4jax.com/news/local/2020/07/10/st-johns-county-commissioner-hospitalized-with-covid-19/Â â€¦",[],['https://www.news4jax.com/news/local/2020/07/10/st-johns-county-commissioner-hospitalized-with-covid-19/'],[],0,0,0,[],[],https://twitter.com/LLavandedusud/status/1281990779586650112,False,,0,,,,,,,"[{'user_id': '3048591134', 'username': 'LLavandedusud'}]",,,,
1281990779544756227,1281990779544756227,1594485394000,2020-07-11,22:06:34,+0530,884825392636346368,nicfrakesjourno,Nicholas Frakes | Ù†ÙŠÙƒÙˆÙ„Ø§Ø³ ÙØ±Ø§ÙŠÙƒØ³,,"For the third day in a row #Lebanon has broken its record for number of #COVID__19 cases in 24 hours. Today 86 new cases were confirmed bringing the total to 2,168. #CoronaVirusUpdate #ÙƒÙˆØ±ÙˆÙ†Ø§ #ÙƒÙˆØ±ÙˆÙ†Ø§_Ù„Ø¨Ù†Ø§Ù†",[],[],[],0,0,0,"['#lebanon', '#covid__19', '#coronavirusupdate', '#ÙƒÙˆØ±ÙˆÙ†Ø§', '#ÙƒÙˆØ±ÙˆÙ†Ø§_Ù„Ø¨Ù†Ø§Ù†']",[],https://twitter.com/nicfrakesjourno/status/1281990779544756227,False,,0,,,,,,,"[{'user_id': '884825392636346368', 'username': 'nicfrakesjourno'}]",,,,
1281990778948972544,1281654135419539457,1594485394000,2020-07-11,22:06:34,+0530,3099660932,wamcmanus50,W A McManus,,"Trump's not keeping  US safe. Charge Trump with crimes against humanity. Trump was late to respond to COVID19, hindered testing and has forced early reopening of country. Trump's irresponsible, inept and ignorant.",['whitehouse'],[],[],0,0,0,[],[],https://twitter.com/wamcmanus50/status/1281990778948972544,False,,0,,,,,,,"[{'user_id': '3099660932', 'username': 'wamcmanus50'}, {'user_id': '822215673812119553', 'username': 'WhiteHouse'}]",,,,
1281990778814976000,1281990778814976000,1594485394000,2020-07-11,22:06:34,+0530,4901919879,outbreaksci,Outbreak Science,,New #COVID19 preprint: Objective sensory testing methods reveal a higher prevalence of olfactory loss in COVID-19 positive patients compared to subjective methods: A systematic review and meta-analysis  http://dx.doi.org/10.1101/2020.07.04.20145870Â â€¦,[],['http://dx.doi.org/10.1101/2020.07.04.20145870'],[],0,0,0,['#covid19'],[],https://twitter.com/outbreaksci/status/1281990778814976000,False,,0,,,,,,,"[{'user_id': '4901919879', 'username': 'outbreaksci'}]",,,,
1281990777141436417,1281447465774919680,1594485394000,2020-07-11,22:06:34,+0530,101748208,dmhossley,abbiesmom,,"July 11,2020
Covid 19
USA

3,206,477.    Total cases

134,290.       Total deaths

??? Soldiers killed by putin bounty

Still think it is under control?",['realdonaldtrump'],[],[],0,0,0,[],[],https://twitter.com/dmhossley/status/1281990777141436417,False,,0,,,,,,,"[{'user_id': '101748208', 'username': 'dmhossley'}, {'user_id': '25073877', 'username': 'realDonaldTrump'}]",,,,
1281990776927457282,1281990776927457282,1594485394000,2020-07-11,22:06:34,+0530,97286951,denisethebeasti,deniska,,Texas coronavirus deaths soar and morgues are filling up | The Texas Tribune  https://www.texastribune.org/2020/07/10/texas-coronavirus-deaths-morgues-capacity/Â â€¦ #StayHome #TexasMyTexas #MaskUp #TexasCOVID #COVID__19,[],['https://www.texastribune.org/2020/07/10/texas-coronavirus-deaths-morgues-capacity/'],[],0,0,0,"['#stayhome', '#texasmytexas', '#maskup', '#texascovid', '#covid__19']",[],https://twitter.com/denisethebeasti/status/1281990776927457282,False,,0,,,,,,,"[{'user_id': '97286951', 'username': 'denisethebeasti'}]",,,,
1281990774540861441,1281990774540861441,1594485393000,2020-07-11,22:06:33,+0530,1122034406,ayakomikage,Francesca Tessari,,I just co-signed a letter with 110 MPs and Peers calling on the Chancellor to introduce a Universal #BasicIncome to help everyone in Britain recover and rebuild after #COVID19. Support this important action --> add your name here:  https://actionnetwork.org/petitions/a-universal-basic-income-can-help-us-recover-from-covid-19-the-government-must-act-now?source=twitter&Â â€¦ @CompassOffice,['compassoffice'],['https://actionnetwork.org/petitions/a-universal-basic-income-can-help-us-recover-from-covid-19-the-government-must-act-now?source=twitter&'],[],0,0,0,"['#basicincome', '#covid19']",[],https://twitter.com/ayakomikage/status/1281990774540861441,False,,0,,,,,,,"[{'user_id': '1122034406', 'username': 'ayakomikage'}, {'user_id': '43112659', 'username': 'CompassOffice'}]",,,,
1281990772477161472,1281990772477161472,1594485393000,2020-07-11,22:06:33,+0530,4767528991,telanganatoday,Telangana Today,,"Covid-19: Telangana records 1,178 new cases, nine deaths on Saturday  https://telanganatoday.com/covid-19-telangana-records-1178-new-cases-nine-deaths-on-saturdayÂ â€¦",[],['https://telanganatoday.com/covid-19-telangana-records-1178-new-cases-nine-deaths-on-saturday'],[],0,0,0,[],[],https://twitter.com/TelanganaToday/status/1281990772477161472,False,,0,,,,,,,"[{'user_id': '4767528991', 'username': 'TelanganaToday'}]",,,,
1281990769553764354,1281990769553764354,1594485392000,2020-07-11,22:06:32,+0530,728228444677410816,bkrishna111,B Krishna,,"@ScottMorrisonMP
@narendramodi 
To deviate Covid-19 issue, China is attracting the world to Unknown Virus of Kajakistan, which is nothing but Covid-19 itself. Ask China, how it identified UV of K. China bribed to spread this false UV of K.","['scottmorrisonmp', 'narendramodi']",[],[],0,0,0,[],[],https://twitter.com/bkrishna111/status/1281990769553764354,False,,0,,,,,,,"[{'user_id': '728228444677410816', 'username': 'bkrishna111'}, {'user_id': '34116377', 'username': 'ScottMorrisonMP'}, {'user_id': '18839785', 'username': 'narendramodi'}]",,,,
1281990769549639680,1281990769549639680,1594485392000,2020-07-11,22:06:32,+0530,222081854,the_ca_ankitv,CA. Ankit Varma à¦…à¦‚à¦•à¦¿à¦¤ à¦¬à§°à§à¦®à¦¾ à¤…à¤‚à¤•à¤¿à¤¤ à¤µà¤°à¥à¤®à¤¾,,"Totally frustrated now. Even after cases being detected in my town of people without travel history, some people are still not following norms. In case of increase in cases, it would again lead to lockdown as is happening in Guwahati and other places. 

#frustrated #COVID19",[],[],[],0,0,0,"['#frustrated', '#covid19']",[],https://twitter.com/The_CA_AnkitV/status/1281990769549639680,False,,0,,,,,,,"[{'user_id': '222081854', 'username': 'The_CA_AnkitV'}]",,,,
1281990765858586624,1281990765858586624,1594485391000,2020-07-11,22:06:31,+0530,818366844172058624,jojk6382,jo,,"u know, he always says he has the good relationship with #china and said #COVID19 is #WuhanVirus 
under this logic, #COVIDãƒ¼19 absolutely endorsed by #Trump 

he invited the virus stays as longer as they can because itâ€™s what friend doğŸ˜‚ https://twitter.com/luciahoff/status/1281771482201415686Â â€¦",[],['https://twitter.com/luciahoff/status/1281771482201415686'],[],0,0,0,"['#china', '#covid19', '#wuhanvirus', '#covidãƒ¼19', '#trump']",[],https://twitter.com/jojk6382/status/1281990765858586624,False,https://twitter.com/luciahoff/status/1281771482201415686,0,,,,,,,"[{'user_id': '818366844172058624', 'username': 'jojk6382'}]",,,,
